MF,P1,P2,P3,P4,P5,P8,P9,P10,P11,P12,P13,P14,P15,P17,P18,P19,P20,Q1,Q3,Q4,Q5,Q6,Q7,Q8,Q9,Q10,Q11,Q12,Q13,Q14,Q15,Q17,Q18,Q19,Q20
_660,-0.147256248,0.375433972,-0.742879987,-0.779346746,0.253878107,-0.937369371,-0.755035573,-0.803657919,-0.621324122,-1.083236409,-0.888747025,-1.144014342,-2.335261819,-1.423592831,-0.195878594,-1.302036966,-1.119703169,1.505903517,1.226325027,1.445125585,1.274947373,1.202013854,0.703634808,1.299258546,0.776568327,1.481592344,0.873813019,0.703634808,0.873813019,0.022921963,0.083699896,0.302500453,0.083699896,0.302500453,-0.511923843
_409,-0.106721151,0.725144587,-0.449254102,-0.481876288,-0.025165686,-0.77547596,-0.840720331,-1.460541862,-1.493164048,-1.297430933,-0.938586889,-1.118008911,-0.77547596,-0.644987217,-0.547120659,-1.085386725,-1.917252463,1.573321419,0.855633331,0.839322238,1.312343932,1.149233003,1.24709956,1.442832675,1.116610817,1.52438814,1.002433167,0.888255516,0.382611636,-0.351387544,-0.057787872,0.170567429,0.186878522,0.708833495,-0.759164867
_856,-0.658219788,-0.658219788,-0.658219788,-0.658219788,-0.658219788,-0.658219788,-0.658219788,-0.658219788,-0.658219788,-0.658219788,-0.658219788,-0.658219788,-0.658219788,-0.658219788,-0.658219788,-0.658219788,-0.658219788,1.838805861,2.164088896,1.657030047,2.202357488,1.819671565,-0.179862384,2.097118859,0.279360724,-0.658219788,0.375032205,0.021047726,-0.084190903,0.74815098,0.843822461,0.040182022,-0.658219788,-0.658219788,-0.658219788
_1463,-0.701806996,-0.701806996,-0.701806996,-0.701806996,-0.701806996,-0.701806996,-0.701806996,-0.701806996,-0.701806996,-0.701806996,-0.701806996,-0.701806996,-0.701806996,-0.701806996,-0.701806996,-0.701806996,-0.701806996,2.828639046,2.379006767,0.46390632,0.247416704,1.080069072,0.347334988,0.747008125,0.913538599,-0.701806996,1.379823925,0.413947177,1.163334309,1.546354399,1.09672212,0.130845372,-0.701806996,-0.701806996,-0.701806996
_1056,-0.735261092,-0.735261092,-0.735261092,-0.735261092,-0.735261092,-0.735261092,-0.735261092,-0.735261092,-0.735261092,-0.735261092,-0.735261092,-0.735261092,-0.735261092,-0.735261092,-0.735261092,-0.735261092,-0.735261092,0.475957876,1.311869558,-0.30877554,0.595373831,0.535665854,1.064507938,0.535665854,1.738355111,-0.735261092,2.028365286,1.874830487,1.422755802,1.618939156,1.311869558,1.235102159,-0.735261092,-0.735261092,-0.735261092
_6426,-0.726809406,-0.726809406,-0.726809406,-0.726809406,-0.726809406,-0.726809406,-0.726809406,-0.726809406,-0.726809406,-0.726809406,-0.726809406,-0.726809406,-0.726809406,-0.726809406,-0.726809406,-0.726809406,-0.726809406,0.392589019,0.980273193,-0.02718539,0.812363429,0.602476224,1.581949847,0.084754452,1.218145358,-0.726809406,1.945754335,2.449483627,1.330085201,1.511987445,1.414040083,0.966280712,-0.726809406,-0.726809406,-0.726809406
_2263,-0.724292201,-0.724292201,-0.724292201,-0.724292201,-0.724292201,-0.724292201,-0.724292201,-0.724292201,-0.724292201,-0.724292201,-0.724292201,-0.724292201,-0.724292201,-0.724292201,-0.724292201,-0.724292201,-0.724292201,0.394291445,1.252739359,-0.073952872,0.927569694,0.238210006,1.382807225,0.121148926,1.122671493,-0.724292201,2.04615334,2.254261926,1.408820798,1.720983676,1.304766505,1.109664707,-0.724292201,-0.724292201,-0.724292201
_2704,-0.622276016,-0.622276016,-0.622276016,-0.622276016,-0.622276016,-0.622276016,-0.622276016,-0.622276016,-0.622276016,-0.622276016,-0.622276016,-0.622276016,-0.622276016,-0.622276016,-0.622276016,-0.622276016,-0.622276016,1.857970026,2.307514621,1.75979362,2.24550847,1.981982328,-0.363917053,2.028486941,-0.079722194,-0.622276016,0.178636768,-0.157229883,0.354320863,0.700521873,0.30781625,-0.053886298,-0.622276016,-0.622276016,-0.622276016
_4126,-0.759443304,-0.759443304,-0.759443304,-0.759443304,-0.759443304,-0.759443304,-0.759443304,-0.759443304,-0.759443304,-0.759443304,-0.759443304,-0.759443304,-0.759443304,-0.759443304,-0.759443304,-0.759443304,-0.759443304,1.144020732,1.767178601,0.430221718,1.35929345,1.245992019,1.098700159,1.381953736,-0.192936151,-0.759443304,1.608556598,0.985398729,0.611504007,1.574566168,1.438604452,1.495255167,-0.759443304,-0.759443304,-0.759443304
_6148,-0.644699919,-0.644699919,-0.644699919,-0.644699919,-0.644699919,-0.644699919,-0.644699919,-0.644699919,-0.644699919,-0.644699919,-0.644699919,-0.644699919,-0.644699919,-0.644699919,-0.644699919,-0.644699919,-0.644699919,1.643999654,2.81955898,1.477548776,1.935288691,2.372222246,0.499649868,1.446339237,0.000297234,-0.644699919,0.208360831,0.738923005,0.083522673,-0.124540925,0.30198945,0.135538572,-0.644699919,-0.644699919,-0.644699919
_359,-0.332270524,0.821882761,-0.903851199,-0.716988286,-0.81591571,-0.618060861,-1.629318978,-0.552109245,-0.28830278,-0.793931838,-0.695004414,-1.079722175,-2.112964164,-0.826907646,-0.310286652,-0.431197948,-1.519399617,1.602310221,1.646277965,0.96477793,1.041721482,0.887834378,0.481132744,1.426439244,0.338237575,1.07469729,0.986761802,0.898826314,1.85512475,-0.34326246,0.041455302,0.01947143,0.283277895,0.371213383,-0.771947966
_3355,-1.779700836,-0.307638536,-1.687118302,-1.168656108,-0.752034702,-1.316788163,0.599670303,-0.733518195,-0.307638536,-0.677968675,-0.863133744,-0.946458025,-1.437145458,-0.696485182,0.284889685,-0.927941518,0.071949855,1.303297565,-0.085440453,1.960633561,0.91445092,0.108982869,-0.178022988,1.571786916,-0.594644394,0.442279994,1.081099482,0.997775201,0.738544104,0.183048897,1.719918971,0.608928556,1.414396607,0.294147938,0.16453239
_1024,-0.850706785,-0.850706785,-0.850706785,-0.850706785,-0.850706785,-0.728709172,-0.850706785,-0.850706785,-0.850706785,-0.850706785,-0.396875664,-0.850706785,-0.850706785,-0.850706785,-0.850706785,-0.850706785,-0.850706785,1.335490443,1.508727054,1.291571302,1.447728247,1.333050491,0.888979179,1.398929202,1.054895933,-0.850706785,1.169573689,1.020736601,0.93289832,1.071975599,1.186653355,0.97681746,-0.850706785,-0.850706785,-0.179719912
_1468,-0.746267729,-0.331109705,-1.042809174,-0.271801416,-1.612168749,-1.06653249,-0.331109705,-1.339350619,0.356866448,-0.853022649,-1.019085858,-0.734406071,-1.493552171,-1.612168749,-0.224354785,0.095909976,-0.319248047,1.258352442,0.641546235,1.400692335,0.428036395,-0.212493127,-0.603927835,2.159838435,0.226388212,0.333143132,0.356866448,0.534791315,1.258352442,0.333143132,1.48372394,0.878779392,1.981913568,-0.556481204,0.641546235
_569,-0.960651513,-0.960651513,-0.960651513,-0.187300068,-0.960651513,-0.960651513,0.394212259,-0.960651513,-0.960651513,0.295295214,-0.960651513,-0.960651513,-0.960651513,-0.960651513,-0.960651513,-0.960651513,-0.301204544,1.389377685,1.659151445,1.587211775,1.701116252,1.620184124,0.580056405,1.554239427,0.634011157,-0.960651513,0.954742183,0.684968423,0.421189635,0.792877927,0.966732128,0.343254994,-0.960651513,-0.810777202,0.130433472
_1255,-0.789189252,-0.789189252,-0.417331096,-0.789189252,-0.789189252,-0.789189252,-0.789189252,-0.789189252,-0.789189252,-0.789189252,-0.789189252,-0.789189252,-0.789189252,-0.789189252,-0.789189252,-0.789189252,-0.789189252,1.3378394,1.45683401,1.181658974,1.114724506,0.705680535,1.077538691,1.464271173,0.542062946,-0.789189252,1.613014435,0.445379826,2.02949557,1.43452252,0.64618323,1.151910322,-0.789189252,-0.789189252,-0.789189252
_1092,-0.187188104,-0.312095294,0.252001697,-1.416113691,-1.416113691,-0.505499977,-0.25971486,-1.416113691,-0.388651315,-0.533704827,-1.416113691,-0.138836933,-1.416113691,-0.743226566,-0.553851148,-0.908426399,-1.416113691,1.170673939,1.396312736,1.154556882,1.154556882,1.00950337,1.00950337,1.307668923,0.517933135,-1.21465048,1.343932301,1.049796013,1.214995846,1.178732468,0.550167249,0.916830293,0.038450693,-0.070339441,-0.952748306
_687,-0.619274981,-0.619274981,-0.619274981,-0.619274981,-0.619274981,-0.619274981,-0.619274981,-0.619274981,-0.619274981,-0.619274981,-0.619274981,-0.619274981,-0.619274981,-0.619274981,-0.619274981,-0.619274981,-0.619274981,-0.060306609,0.09820681,-0.619274981,0.340148344,-0.202134405,1.841854419,-0.185448782,0.498661763,-0.619274981,2.142195634,1.850197231,1.908596912,2.183909692,1.332942916,1.875225665,-0.619274981,-0.619274981,-0.619274981
_7051,-1.147771153,-0.268998382,0.177096192,-1.147771153,-1.147771153,0.029516032,-0.409870353,-1.147771153,-1.147771153,-1.147771153,-0.564158702,0.254240366,-1.147771153,-0.054336332,-1.147771153,-1.147771153,-1.147771153,1.200095027,1.183324555,1.062577151,1.243698256,1.297363769,0.656731711,1.196740933,2.005077718,-1.147771153,1.015619828,0.609774388,0.85462329,0.864685573,0.834498722,1.022328017,-0.285768855,-0.980066425,-0.3193098
_590,-0.764775993,-0.764775993,-0.764775993,-0.764775993,-0.452877138,-0.764775993,-0.764775993,-0.764775993,-0.764775993,-0.764775993,-0.764775993,-0.764775993,-0.764775993,-0.764775993,-0.764775993,-0.116026374,-0.764775993,1.674273055,1.961220002,1.705462941,2.02983775,1.699224964,0.17715855,1.954982025,0.551437176,-0.764775993,0.669958741,0.514009314,0.482819428,0.707386604,0.601340993,0.37053584,-0.764775993,-0.764775993,-0.764775993
_1025,-0.699333028,-0.699333028,-0.699333028,-0.316166842,-0.699333028,-0.699333028,-0.699333028,-0.699333028,-0.699333028,-0.300840194,-0.699333028,-0.699333028,-0.699333028,-0.699333028,-0.699333028,-0.699333028,-0.699333028,1.783583859,2.381323109,1.523030852,2.220393311,1.775920535,-0.001970569,2.067126836,0.212602495,-0.699333028,0.258582438,0.36586897,0.089989316,0.465492178,0.718381861,0.044009373,-0.699333028,-0.699333028,-0.699333028
_3067,-1.765381707,-0.092544894,-1.502975933,-1.09296691,-0.625556624,-1.297971421,0.489667919,-0.658357345,-0.773159872,-1.051966007,-0.961764022,-0.92076312,-1.552177015,-0.182746879,0.563469543,-1.019165286,0.096059257,1.473689574,0.301063768,1.539291017,0.432266656,0.112459618,0.087859076,1.178483077,-1.338972323,0.456867197,0.620870806,1.367087228,1.276885243,0.907877122,1.58029192,0.801274776,1.096481273,0.186261242,0.268263046
_908,-0.613246317,-0.51026213,0.227791215,-0.759140583,-0.853542755,-1.008019036,-0.78488663,-1.016601052,-0.853542755,-0.836378724,-0.72481252,-0.467352051,-1.162495318,-1.085257177,-0.741976552,-0.810632677,-0.853542755,1.206140997,1.772554029,1.068828747,1.085992778,0.862860372,1.068828747,1.403527357,0.330775403,-1.188241365,1.729643951,1.120320841,1.37778131,1.480765497,0.210627184,0.965844559,-0.218473598,-0.58750027,-0.836378724
_6598,-0.592059294,-0.420745841,-0.448155994,-1.702170471,-0.016446092,-0.941538739,-1.702170471,-0.13293924,-0.818193053,-0.13293924,-0.338515384,-0.845603205,-1.359543565,-0.290547617,-0.317957769,-0.859308281,-0.530386451,2.162661034,0.08634198,0.168572438,1.95708489,-0.311105231,-0.667437214,1.655573212,0.291918124,2.148955958,0.120604671,1.052549857,0.799005946,-0.153496854,1.292388691,-0.372778074,1.059402395,0.689365336,-0.530386451
_533,-0.255185247,0.7254949,-0.441595523,-0.409176345,0.344569553,-0.555062647,-1.138607859,-0.619901004,-1.252074983,-2.070659238,-0.790101691,-1.665419508,-1.235865394,-0.538853058,-0.773892102,0.00416818,-0.449700318,1.0253723,1.049686684,0.782228462,1.0253723,0.895695586,1.001057916,0.847066819,0.976743532,1.098315451,0.92000997,0.871381202,-2.070659238,0.158159277,1.6251271,0.51477024,0.498560651,0.81464764,-0.91167361
_711,-0.752371358,-0.752371358,-0.752371358,-0.752371358,-0.752371358,-0.752371358,-0.000231072,-0.752371358,-0.752371358,-0.34799486,-0.752371358,-0.752371358,-0.752371358,-0.752371358,-0.752371358,-0.752371358,-0.283294621,1.738587868,2.207664605,1.803288107,2.086351656,1.770937988,0.169607057,1.932688587,0.517370845,-0.752371358,0.679121444,0.307095066,-0.024493662,0.444583075,0.412232955,0.129169407,-0.752371358,-0.752371358,-0.752371358
_469,-0.620645525,-0.620645525,-0.620645525,-0.620645525,-0.620645525,-0.620645525,-0.620645525,-0.620645525,-0.620645525,-0.620645525,-0.620645525,-0.620645525,-0.620645525,-0.620645525,-0.620645525,-0.620645525,-0.620645525,1.665378384,2.191271208,1.933691049,2.094678649,1.890761023,-0.620645525,2.073213635,-0.620645525,-0.620645525,0.796045348,0.656522762,-0.084020195,0.549197696,0.076967405,0.431140123,-0.620645525,-0.620645525,-0.620645525
_1678,-0.642940866,-0.642940866,-0.642940866,-0.642940866,-0.642940866,-0.642940866,-0.642940866,-0.642940866,-0.642940866,-0.642940866,-0.642940866,-0.642940866,-0.642940866,-0.642940866,-0.642940866,-0.642940866,-0.642940866,0.518143991,0.849882521,-0.642940866,0.29698497,0.278555052,1.329060398,-0.642940866,1.494929664,-0.642940866,1.845098113,2.674444439,1.605509174,2.158406725,0.739303011,0.997321868,-0.642940866,-0.642940866,-0.642940866
_2388,-0.649561543,-0.649561543,-0.649561543,-0.649561543,-0.649561543,-0.649561543,-0.649561543,-0.649561543,-0.649561543,-0.649561543,-0.649561543,-0.649561543,-0.649561543,-0.649561543,-0.649561543,-0.649561543,-0.649561543,0.493799337,1.769723797,0.178960833,1.653730664,0.990912763,-0.649561543,0.692644707,0.974342315,-0.649561543,1.620589769,1.438314846,0.725785602,1.554307979,2.846802886,-0.649561543,-0.649561543,-0.649561543,-0.649561543
_1881,-1.165130317,-0.979104297,-0.580477111,0.176914541,-0.660202549,-0.686777694,0.083901531,-1.311293618,0.12376425,-0.633627403,-0.766503131,-0.075549343,-2.135123136,-1.802933814,-1.417594201,0.416090853,-0.168562353,0.921018621,0.708417456,0.004176094,0.389515707,0.509103863,-0.301438081,1.837861149,0.004176094,0.708417456,0.907731049,1.532246973,1.492384254,-0.115412061,1.279783089,0.442665999,1.479096681,-1.218280608,1.000744059
_1059,-0.984622232,-1.480584381,-1.480584381,-1.354063425,-0.278635295,-1.060534806,-0.028123801,-0.08885386,-0.708806547,0.151535957,-1.480584381,-1.480584381,-1.480584381,0.149005538,0.057910449,0.105988413,-0.906179239,0.87017499,1.085260616,0.738593195,0.95620924,0.895479181,1.092851873,0.824627445,1.095382292,-0.324182839,1.239616183,1.257329116,1.120686483,1.171294866,1.062486843,1.057426005,-0.283696133,-1.480584381,-0.03065422
_1882,-0.786533966,-0.619630206,-0.650924661,0.121005226,-0.671787631,-0.609198722,0.037553346,-0.546609812,-2.236510375,-0.421431992,-0.577904267,-0.348411598,-1.224656334,-1.714936127,-0.108487444,0.23575156,0.058416316,0.913798082,0.506970169,0.559127594,0.29834047,0.204457105,-0.181507838,1.977809548,0.027121861,0.767757293,1.143290751,-2.236510375,1.47709827,0.162731165,1.247605601,0.715599868,1.842200243,-0.400569022,1.038975902
_6780,1.937532437,0.945453388,1.872831629,0.528492628,1.010154195,1.707485121,-0.4707754,0.535681607,0.708217093,0.20498859,0.233744505,0.823240751,0.226555526,-1.189673261,0.62194935,0.83042973,1.002965217,-1.189673261,0.269689398,0.816051773,0.032453103,-0.83022433,-0.456397442,-1.189673261,-0.00349179,0.693839136,-0.154460341,-1.189673261,-1.189673261,-1.189673261,-1.189673261,-1.189673261,-1.189673261,-1.189673261,-1.189673261
_605,-1.062306212,-0.33079956,-0.873123457,-0.873123457,-0.09116807,-1.213652416,-0.910960008,-0.948796559,0.224136521,-0.84789909,-0.961408743,-1.188428049,-2.386585496,-0.784838172,-0.015494968,1.170050295,-0.583043233,1.661925458,1.207886846,1.447518336,0.829521337,0.879970071,-0.974020926,1.397069601,0.072790317,-0.141616805,0.224136521,0.892582255,1.687149825,0.123239052,0.098014684,1.043928459,0.917806622,-0.343411744,0.652950765
_744,-0.709640423,-1.609056503,-0.797194201,-1.286699412,-0.63004608,-0.741478161,-0.415141353,-0.283810687,-1.370273473,-0.502695131,-0.462897959,-1.481705553,-0.892707413,-0.538512585,-0.399222485,-0.220135212,-0.319628141,0.790712947,1.02551626,0.707138887,0.918063897,0.870307291,1.160826644,0.822550685,1.200623815,-0.757397029,1.507062037,1.50308232,1.355832785,1.411548825,1.188684664,1.260319573,-0.582289474,-1.350374887,-0.371364465
_1344,0.252856463,0.159633399,0.352294398,-0.946613627,-0.598580855,-0.611010597,-0.772597241,-0.648299822,-0.511572662,-0.903109531,-0.983902853,-1.487307399,-2.052860654,1.216161458,-2.363604201,-0.990117724,-0.555076758,1.004855846,1.334244006,0.675467687,1.197516845,0.874343557,1.116723523,0.638178461,1.570409102,0.930277395,0.781120493,1.054574814,0.911632782,0.196922625,-0.865820305,0.520095913,0.09748469,-0.505357791,-0.088961438
_3241,-1.30066042,-0.206472551,-1.096520892,-0.737235323,-0.402446498,-1.210839027,0.397780451,-0.688241836,-0.573923701,-0.720904161,-0.614751606,-0.647413931,-2.011065976,-0.190141389,-0.026829767,0.054826045,0.079322788,1.385815766,0.209972086,0.863218575,0.005832558,0.103819531,-0.467771146,1.393981347,-2.419345032,0.381449289,0.160978599,1.279663211,1.892081794,0.90404648,1.532796226,0.544760911,1.361319022,-0.247300456,1.010199034
_6053,-0.664077018,-0.70018685,-0.724260072,0.154412523,-0.363161746,0.286815242,0.52754746,-0.435381411,-0.68815024,-1.289980784,-1.590896056,-0.507601076,-0.074283084,-2.481605261,-1.807555052,-0.952955679,0.094229468,1.947867544,0.515510849,0.431254573,1.526586163,-0.507601076,0.647913569,1.466403109,0.900682397,1.803428214,-0.098356306,0.900682397,0.840499343,-0.086319695,0.780316289,0.046083025,0.419217962,-0.760369905,0.443291184
_1470,-1.476722465,-0.541194607,-0.530683058,0.078986782,-0.856541076,-1.413653171,0.163079174,-1.129841349,0.142056076,-0.677844743,-0.70937939,-0.562217705,-2.002299913,-1.077283604,0.163079174,-0.593752352,0.173590723,1.214234071,-0.299428981,1.025026189,0.541494937,-0.541194607,-0.91961037,2.097204184,0.236660017,0.299729311,1.01451464,0.520471839,2.013111792,-0.078686452,1.109118581,-0.383521372,2.013111792,0.015917488,0.972468445
_6189,-0.574438175,-0.574438175,-0.574438175,-0.574438175,-0.574438175,-0.574438175,-0.574438175,-0.574438175,-0.574438175,-0.574438175,-0.574438175,-0.574438175,-0.574438175,-0.574438175,-0.574438175,-0.574438175,-0.574438175,1.699209367,3.043378355,1.427515636,1.956603429,2.1138998,-0.574438175,1.642010687,0.269242359,-0.574438175,0.555235761,0.2978417,0.140545329,-0.574438175,0.641033782,-0.574438175,-0.574438175,-0.574438175,-0.574438175
_914,-0.578083413,-0.578083413,-0.578083413,-0.578083413,-0.578083413,-0.578083413,-0.578083413,-0.578083413,-0.578083413,-0.578083413,-0.578083413,-0.578083413,-0.578083413,-0.578083413,-0.578083413,-0.578083413,-0.578083413,0.064702396,0.391039806,-0.578083413,-0.578083413,-0.083632791,0.727266229,-0.578083413,1.755723523,-0.578083413,1.567832286,2.665512667,1.290939938,2.536955505,1.765612535,1.192049814,-0.578083413,-0.578083413,-0.578083413
_1421,-0.55972455,-0.55972455,-0.55972455,-0.55972455,-0.55972455,-0.55972455,-0.55972455,-0.55972455,-0.55972455,-0.55972455,-0.55972455,-0.55972455,-0.55972455,-0.55972455,-0.55972455,-0.55972455,-0.55972455,0.031219696,-0.55972455,-0.002229978,1.068159599,0.176168285,1.815202325,0.06466937,-0.55972455,-0.55972455,2.294647656,2.707193639,1.792902542,1.993600587,1.491855473,-0.55972455,-0.55972455,-0.55972455,-0.55972455
_1630,-0.567709962,-0.567709962,-0.567709962,-0.567709962,-0.567709962,-0.567709962,-0.567709962,-0.567709962,-0.567709962,-0.567709962,-0.567709962,-0.567709962,-0.567709962,-0.567709962,-0.567709962,-0.567709962,-0.567709962,2.121207403,1.946115109,1.842935722,1.902342036,1.974254942,-0.567709962,2.124334051,-0.411377557,-0.567709962,-0.567709962,-0.567709962,0.651682796,0.657936093,-0.364477835,1.180086325,-0.567709962,-0.567709962,-0.567709962
_2257,-0.558725916,-0.558725916,-0.558725916,-0.558725916,-0.558725916,-0.558725916,-0.558725916,-0.558725916,-0.558725916,-0.558725916,-0.558725916,-0.558725916,-0.558725916,-0.558725916,-0.558725916,-0.558725916,-0.558725916,-0.203947123,0.810720225,0.434654704,-0.558725916,-0.558725916,1.655093752,0.065684759,-0.558725916,-0.558725916,1.747336239,2.045350425,3.03163547,2.187261942,0.413367977,1.222263625,-0.558725916,-0.558725916,-0.558725916
_2705,-0.599199522,-0.599199522,-0.599199522,-0.599199522,-0.599199522,-0.599199522,-0.599199522,-0.599199522,-0.599199522,-0.599199522,-0.599199522,-0.599199522,-0.599199522,-0.599199522,-0.599199522,-0.599199522,-0.599199522,1.442200537,2.136276557,1.578293874,2.245151227,1.809652548,-0.599199522,2.231541893,-0.599199522,-0.599199522,0.97948319,-0.599199522,-0.258966179,1.095162527,0.782147851,0.339844505,-0.599199522,-0.599199522,-0.599199522
_2735,-0.577683879,-0.577683879,-0.577683879,-0.577683879,-0.577683879,-0.577683879,-0.577683879,-0.577683879,-0.577683879,-0.577683879,-0.577683879,-0.577683879,-0.577683879,-0.577683879,-0.577683879,-0.577683879,-0.577683879,1.772359225,2.366561468,1.734887011,2.264851174,1.986486159,-0.577683879,1.991839332,-0.310025211,-0.577683879,0.428712712,-0.577683879,0.412653192,0.66425234,0.551835699,-0.577683879,-0.577683879,-0.577683879,-0.577683879
_713,-0.160361154,-1.459510783,-1.263264615,-1.235790152,-1.459510783,-0.454730405,-0.466505175,0.192881948,-1.459510783,-0.364457168,-0.749099657,-0.972820288,0.169332407,-1.459510783,-0.560703336,0.236056104,0.349878882,0.765920757,0.934692461,0.824794607,1.048515238,0.922917691,1.103464165,0.813019837,0.813019837,-0.513604256,1.252611252,1.338959566,1.099539241,1.327184796,1.111314011,1.295785409,-0.450805482,-1.459510783,-1.110192605
_2919,-1.599532249,0.457640174,-0.814715024,0.374401984,-1.409273528,-0.779041514,0.707354746,-0.303394711,-0.16070067,-0.529326942,-0.945517895,-1.397382358,-1.920593841,-1.397382358,-0.755259174,-0.612565133,0.421966664,1.42082495,0.493313684,1.39704261,0.624116555,0.588443045,0.445749004,1.064089848,-1.337926508,-0.600673963,0.279272623,1.147328039,2.146186325,0.136578582,1.111654528,0.421966664,0.493313684,-0.24393886,1.075981018
_181,-0.847816722,-0.193797688,-0.692740044,-1.090545436,-0.699482508,-1.225394722,-0.692740044,-0.712967437,-0.11963058,-0.948953687,-1.299561829,-0.928726294,-1.771534328,0.035446098,0.453478883,0.770374704,0.062415955,1.289544454,0.224235098,0.500676133,-0.423041473,0.682722669,-0.470238723,0.918708918,-0.288192187,0.055673491,0.116355669,0.595070633,3.662891879,1.289544454,1.100755454,0.595070633,0.52764599,-0.133115509,-0.342131902
_885,-0.111445218,-1.61012533,-1.61012533,-1.219844051,-1.61012533,0.053588009,-0.046770034,-0.013317353,-0.325542377,-0.037849319,-1.498616393,-1.61012533,-0.742585801,-0.120365933,-0.167199686,0.149485695,-0.682370975,1.199899881,1.364933108,1.104002195,1.309178639,1.193209345,0.718181273,1.222201668,0.869833428,-0.530718821,0.880984321,0.854222176,0.927818075,0.909976645,0.934508611,0.81184878,-0.798340269,-1.61012533,-0.158278971
_341,-0.906294958,-0.906294958,-0.459038977,-0.906294958,-0.761081977,-0.906294958,-0.906294958,0.39771761,-0.906294958,-0.569400842,-0.906294958,-0.906294958,-0.906294958,-0.906294958,0.049206456,-0.906294958,0.368675013,1.457772369,2.070571148,1.67559184,1.75691111,1.971826321,0.749133023,1.437442552,0.598111523,-0.906294958,-0.148283198,0.9233886,-0.906294958,0.551643369,0.76946284,0.17118536,-0.906294958,0.008546821,-0.331251554
_6037,1.306586001,1.130455975,1.001110487,1.777183414,0.987350329,0.943317822,1.378138824,0.296590383,-0.055669669,0.610321992,0.423183839,1.240537241,1.268057558,-1.095937635,-1.095937635,-0.292344391,1.116695817,-1.095937635,-0.958336052,0.753427638,0.046155502,-1.095937635,0.651602467,-1.095937635,-1.095937635,-1.095937635,-1.095937635,-1.095937635,-0.105206239,0.651602467,-1.095937635,-1.095937635,-1.095937635,-1.095937635,0.076427851
_740,-0.519618104,-0.805895146,-0.390954265,-0.674014711,-0.25907383,-0.423120225,-0.095027435,-0.32340575,-1.481380302,-0.085377648,-1.677592656,-1.838422455,-0.645065348,-0.082161052,-0.387737669,0.00468704,-0.561433852,1.291325431,1.545436513,1.120845844,1.41998927,1.300975219,0.670522407,1.275242451,0.786319862,-1.838422455,0.869951358,0.889250934,0.754153903,0.86030157,0.931066681,0.702688367,-0.333055538,-1.838422455,-0.162575951
_881,-0.725972915,-0.466365743,-0.076954983,-0.552901467,-0.650254157,-0.855776502,0.442259362,-1.158651537,0.139384327,-0.834142571,-1.201919399,-1.667048917,-0.780057743,-1.53724533,0.106933431,-0.163490708,-0.487999674,0.290821845,1.880915778,1.329250536,-0.314928225,-0.066138018,0.0852995,2.270326537,-0.552901467,-0.704338984,0.874937983,0.864121018,1.394152329,0.128567362,-0.455548777,0.701866535,1.935000606,-0.682705053,1.491505019
_6238,-0.914240612,-0.914240612,-0.914240612,-0.914240612,-0.914240612,-0.362409686,-0.346865153,-0.385726486,-0.914240612,-0.914240612,-0.269142488,-0.914240612,-0.914240612,-0.914240612,-0.525627284,-0.33132062,-0.447904619,1.557340154,2.132487879,1.285310824,1.83714175,1.689468685,0.399272436,1.58842922,0.749024432,-0.914240612,0.780113498,0.710163099,0.632440433,0.702390832,0.974420162,0.430361503,-0.914240612,-0.914240612,-0.914240612
_6328,-1.138592537,-1.361178985,-1.361178985,-0.662361067,-0.390598544,-0.25083496,-0.323304967,0.03645685,-0.530362127,0.145161859,-1.361178985,-1.361178985,-1.361178985,0.101162213,-0.028248513,0.080456497,-1.058357887,0.862097278,1.102801228,0.727510124,0.975978717,0.911273354,1.123506944,0.831038704,1.128683373,-1.361178985,1.283976243,1.302093745,1.141624445,1.206329808,1.107977657,1.089860155,-1.231768259,-1.361178985,-0.01530744
_2758,-1.137440366,-1.137440366,-1.137440366,-0.05081003,-1.137440366,0.454774919,0.530235359,-1.137440366,0.027165758,-1.137440366,0.326492171,-1.137440366,-1.137440366,-0.008049114,-1.137440366,0.238454991,-1.137440366,1.337662067,1.692326135,1.403061115,1.536374559,1.435760639,0.218332206,1.498644339,-1.137440366,-1.011672966,0.424590743,0.663548803,0.905022211,0.867291991,0.796862247,0.394406567,-0.50357267,-1.137440366,0.472382355
_218,-0.799511361,-0.799511361,-0.799511361,-0.799511361,-0.799511361,-0.799511361,-0.799511361,1.8839041,-0.799511361,-0.799511361,-0.799511361,-0.799511361,0.433653722,-0.799511361,-0.799511361,-0.452777903,-0.799511361,-0.799511361,1.434658141,-0.799511361,-0.799511361,-0.648757683,-0.05177312,1.844708144,0.599482767,0.126116219,0.098980557,0.692950047,1.871843806,-0.573380845,1.18742211,1.018577991,1.793451894,1.500989759,0.831643431
_2791,-0.827948928,-0.827948928,-0.827948928,-0.05556179,-0.827948928,-0.019955291,-0.827948928,-0.827948928,-0.827948928,-0.250028055,-0.827948928,-0.827948928,-0.827948928,-0.827948928,-0.827948928,0.368977239,-0.691000854,1.659028097,1.839799555,1.705590442,1.845277478,1.806932017,-0.827948928,1.672722904,0.004695363,-0.827948928,1.163276069,0.144382398,0.815427961,0.878424075,0.848295499,0.062213554,-0.827948928,-0.827948928,-0.551313818
_1146,-0.50545676,-0.50545676,-0.50545676,-0.50545676,-0.50545676,-0.50545676,-0.50545676,-0.50545676,-0.50545676,-0.50545676,-0.50545676,-0.50545676,-0.50545676,-0.50545676,-0.50545676,-0.50545676,-0.50545676,0.467747476,0.161121484,-0.50545676,-0.50545676,-0.50545676,2.254177169,-0.50545676,1.374293887,-0.50545676,-0.50545676,0.267774003,2.814102893,1.547604231,-0.50545676,0.294437133,-0.50545676,3.13406045,0.321100262
_3622,-0.582683199,-0.582683199,-0.582683199,-0.582683199,-0.582683199,-0.582683199,-0.582683199,-0.582683199,-0.582683199,-0.582683199,-0.582683199,-0.582683199,-0.582683199,-0.582683199,-0.582683199,-0.582683199,-0.582683199,1.883391084,1.558979975,-0.445220864,-0.582683199,1.435263874,-0.582683199,-0.582683199,1.866895604,1.616714155,-0.582683199,1.561729221,-0.582683199,1.440762367,1.767922723,-0.582683199,-0.582683199,-0.582683199,1.880641838
_1064,-0.578285399,-0.578285399,-0.578285399,-0.578285399,-0.578285399,-0.578285399,-0.578285399,-0.578285399,-0.578285399,-0.578285399,-0.578285399,-0.578285399,-0.578285399,-0.578285399,-0.578285399,-0.578285399,-0.578285399,0.584932357,-0.578285399,-0.578285399,0.31649749,-0.578285399,1.229176037,-0.578285399,1.193384722,-0.578285399,2.392393793,2.49976774,1.962898006,1.783941428,1.515506562,0.978636828,-0.578285399,-0.578285399,-0.578285399
_2531,-0.562796062,-0.562796062,-0.562796062,-0.562796062,-0.562796062,-0.562796062,-0.562796062,-0.562796062,-0.562796062,-0.562796062,-0.562796062,-0.562796062,-0.562796062,-0.562796062,-0.562796062,-0.562796062,-0.562796062,1.930848903,1.87285716,1.766538964,2.597753952,1.863191869,-0.562796062,1.969510066,-0.562796062,-0.562796062,0.877332232,-0.562796062,-0.079531534,0.780679326,0.490720609,-0.562796062,-0.562796062,-0.562796062,-0.562796062
_2737,-0.516079333,-0.516079333,-0.516079333,-0.516079333,-0.516079333,-0.516079333,-0.516079333,-0.516079333,-0.516079333,-0.516079333,-0.516079333,-0.516079333,-0.516079333,-0.516079333,-0.516079333,-0.516079333,-0.516079333,1.87026311,2.45767048,1.891241944,2.316063346,2.080051456,-0.516079333,2.069562039,-0.516079333,-0.516079333,0.013636243,-0.516079333,0.02412566,0.433212936,-0.253843899,-0.516079333,-0.516079333,-0.516079333,-0.516079333
_3053,-0.529820778,-0.529820778,-0.529820778,-0.529820778,-0.529820778,-0.529820778,-0.529820778,-0.529820778,-0.529820778,-0.529820778,-0.529820778,-0.529820778,-0.529820778,-0.529820778,-0.529820778,-0.529820778,-0.529820778,1.89067192,2.263496624,2.143045566,2.303646977,2.303646977,-0.529820778,1.586676391,-0.529820778,-0.529820778,0.640275218,-0.529820778,-0.243032544,0.296129337,0.060962985,-0.529820778,-0.529820778,-0.529820778,-0.529820778
_3596,-0.525200396,-0.525200396,-0.525200396,-0.525200396,-0.525200396,-0.525200396,-0.525200396,-0.525200396,-0.525200396,-0.525200396,-0.525200396,-0.525200396,-0.525200396,-0.525200396,-0.525200396,-0.525200396,-0.525200396,1.946834041,2.177785355,1.801420251,2.408736669,2.177785355,-0.525200396,2.152124098,-0.525200396,-0.525200396,0.338728594,-0.525200396,-0.097512777,0.099223528,0.124884785,-0.525200396,-0.525200396,-0.525200396,-0.525200396
_6274,-0.37124057,-0.33937593,-1.925254578,-0.31976692,-1.925254578,-0.207015115,-0.131030203,-0.256037639,-0.059947544,-0.09426331,-0.334473677,-1.802698268,-1.925254578,-0.202112863,-0.503601385,0.11163129,-0.405556337,1.16806668,1.371510155,1.062668254,1.293074116,1.158262176,0.655781306,1.217089204,0.861675906,-0.520759268,0.854322527,0.795495499,0.832262392,0.908247304,0.908247304,0.75627748,-0.290353406,-1.925254578,-0.415360842
_752,-0.336230577,-0.257701986,1.066065679,-0.684000048,-0.796183748,-1.27857366,-0.302575466,-1.11029811,-0.549379607,-1.28979203,-0.807402118,0.235906296,-1.22248181,-0.942022559,-0.325012206,-1.009332779,-0.594253088,1.30165145,2.524453785,1.458708631,1.26799634,1.021192199,0.224687926,1.660639292,-0.583034718,-1.21126344,1.12215753,0.269561406,1.2455596,0.897790129,-0.639126568,0.269561406,0.258343036,-0.425977537,-0.459632647
_568,0.060442066,-0.858478443,-0.858478443,-0.858478443,-0.858478443,-0.858478443,-0.858478443,-0.858478443,-0.858478443,-0.858478443,-0.56520594,-0.858478443,-0.858478443,-0.858478443,-0.662963441,0.009608166,-0.166355336,-0.858478443,1.769243184,1.38994408,1.573728182,1.628472382,0.955900775,1.268724778,0.619614972,-0.858478443,1.081030377,1.237442378,0.955900775,1.225711478,1.202249678,1.010644976,-0.858478443,-0.858478443,-0.858478443
_2346,-0.233833684,-1.151419206,-1.151419206,-0.399113064,-0.866454758,-1.151419206,-0.387714486,-0.450406664,-1.151419206,-0.416210931,-0.193938661,-0.735371112,-1.151419206,-1.151419206,0.906024107,-0.285127285,-1.151419206,1.903399675,1.612735938,1.38476438,1.675428117,1.43605798,0.313298056,1.55004376,0.67235326,-1.151419206,0.814835484,0.72934615,0.461479569,0.757842594,0.575465348,0.546968903,-0.575791022,-1.151419206,-0.433308798
_2554,-0.351173603,-1.500242612,-0.580987405,-0.628535088,-1.428921088,-0.113435187,0.211473981,-0.501741266,-0.319475147,-0.335324375,-0.50966588,-0.081736732,-0.890047345,-0.75532891,-2.292703998,-0.691931999,-0.208530553,0.655252357,1.859793664,0.821669248,2.042059783,1.709226001,0.211473981,1.629979862,0.702800041,-0.533439722,1.027709209,0.433363169,0.663176971,0.996010753,0.528458536,0.789970793,-0.929670414,-0.897971959,-0.731555068
_859,-0.521882587,-1.927782986,-0.619214153,-0.624621463,-0.64084339,-0.608399535,-0.6462507,0.440618454,-1.084242747,-0.170407488,-0.786840739,-0.705731101,-0.559733752,-0.127149014,-0.667879936,-0.408329094,0.505506165,-2.198148447,0.662318133,0.54335733,0.754242389,0.516320784,1.338231786,0.148623756,1.176012509,-0.43536564,1.511265681,1.505858372,1.37608295,1.559931464,1.349046404,1.468007207,-0.538104515,-1.057206201,-0.527289897
_1111,-0.797071033,-0.844483484,-0.910860916,-0.977238347,0.283932849,-1.204818112,-0.076401778,-1.157405661,-0.076401778,-1.59360021,-0.256569092,-0.872930955,-2.209962073,0.160660477,0.32186281,0.644267477,-0.531561308,0.909777202,0.122730516,1.535621555,0.653749967,-0.010024347,-1.062580759,2.22784334,0.236520398,-0.133296719,1.497691595,-0.465183876,1.497691595,0.881329732,0.227037908,-0.066919288,1.886473693,0.037388104,0.122730516
_6359,-0.515179711,-0.515179711,-0.515179711,-0.515179711,-0.515179711,-0.515179711,-0.515179711,-0.515179711,-0.515179711,-0.515179711,-0.515179711,-0.515179711,-0.515179711,-0.515179711,-0.515179711,-0.515179711,-0.515179711,2.676378925,0.684195828,-0.515179711,-0.515179711,0.501240237,-0.515179711,-0.515179711,2.452766537,0.907808216,-0.515179711,0.948465014,-0.515179711,0.602882232,1.842914568,-0.515179711,-0.515179711,-0.515179711,2.77802092
_6196,-0.497426978,-0.497426978,-0.497426978,-0.497426978,-0.497426978,-0.497426978,-0.497426978,-0.497426978,-0.497426978,-0.497426978,-0.497426978,-0.497426978,-0.497426978,-0.497426978,-0.497426978,-0.497426978,-0.497426978,-0.497426978,2.003556102,2.546405143,-0.497426978,0.704595898,0.840308158,0.471946309,-0.497426978,-0.497426978,-0.497426978,1.014795349,3.554553361,0.471946309,-0.497426978,-0.497426978,-0.497426978,-0.497426978,1.324994801
_6452,-0.518257686,-0.518257686,-0.518257686,-0.518257686,-0.518257686,-0.518257686,-0.518257686,-0.518257686,-0.518257686,-0.518257686,-0.518257686,-0.518257686,-0.518257686,-0.518257686,-0.518257686,-0.518257686,-0.518257686,2.588001382,0.823953023,-0.518257686,-0.518257686,0.459638687,-0.518257686,-0.518257686,2.588001382,1.054046287,-0.518257686,1.054046287,-0.518257686,0.440464249,1.821023834,-0.518257686,-0.518257686,-0.518257686,2.645524698
_6609,-0.52110285,-0.52110285,-0.52110285,-0.52110285,-0.52110285,-0.52110285,-0.52110285,-0.52110285,-0.52110285,-0.52110285,-0.52110285,-0.52110285,-0.52110285,-0.52110285,-0.52110285,-0.52110285,-0.52110285,2.618804867,0.855029544,-0.52110285,-0.52110285,0.603061641,-0.52110285,-0.52110285,2.521894135,1.126379594,-0.52110285,0.893793837,-0.52110285,0.44800447,1.843519011,-0.52110285,-0.52110285,-0.52110285,2.638187013
_858,-0.486838415,-0.486838415,-0.486838415,-0.486838415,-0.486838415,-0.486838415,-0.486838415,-0.486838415,-0.486838415,-0.486838415,-0.486838415,-0.486838415,-0.486838415,-0.486838415,-0.486838415,-0.486838415,-0.486838415,2.017848035,2.414111861,1.808501107,2.406635185,1.965511303,-0.486838415,2.234671638,-0.113004617,-0.486838415,-0.075621237,-0.486838415,-0.486838415,-0.486838415,-0.000854477,-0.486838415,-0.486838415,-0.486838415,-0.486838415
_3621,-0.526460891,-0.526460891,-0.526460891,-0.526460891,-0.526460891,-0.526460891,-0.526460891,-0.526460891,-0.526460891,-0.526460891,-0.526460891,-0.526460891,-0.526460891,-0.526460891,-0.526460891,-0.526460891,-0.526460891,2.876274133,0.693387514,-0.526460891,-0.526460891,0.992999403,-0.526460891,-0.526460891,1.998839316,0.54358157,-0.526460891,1.271210443,-0.526460891,0.693387514,2.341252903,-0.526460891,-0.526460891,-0.526460891,2.277050356
_2579,-0.530480305,-0.530480305,-0.530480305,-0.530480305,-0.530480305,-0.530480305,-0.530480305,-0.530480305,-0.530480305,-0.530480305,-0.530480305,-0.530480305,-0.530480305,-0.530480305,-0.530480305,-0.530480305,-0.530480305,-0.530480305,0.753041768,3.098789005,-0.530480305,0.664523004,-0.530480305,1.948045077,-0.530480305,-0.530480305,1.815266932,-0.530480305,0.576004241,2.235731059,1.394802804,-0.530480305,1.306284041,-0.530480305,-0.530480305
_2777,-0.515695703,-0.515695703,-0.515695703,-0.515695703,-0.515695703,-0.515695703,-0.515695703,-0.515695703,-0.515695703,-0.515695703,-0.515695703,-0.515695703,-0.515695703,-0.515695703,-0.515695703,-0.515695703,-0.515695703,1.998688058,2.008035209,1.914563694,2.727765877,2.129548179,-0.515695703,1.70892636,-0.515695703,-0.515695703,0.372283692,-0.515695703,-0.515695703,0.596615329,-0.048338126,-0.515695703,-0.515695703,-0.515695703,-0.515695703
_7178,-0.516350885,-0.516350885,-0.516350885,-0.516350885,-0.516350885,-0.516350885,-0.516350885,-0.516350885,-0.516350885,-0.516350885,-0.516350885,-0.516350885,-0.516350885,-0.516350885,-0.516350885,-0.516350885,-0.516350885,2.750561443,0.769561414,-0.516350885,-0.516350885,0.352508777,-0.516350885,-0.516350885,2.368263192,1.030219313,-0.516350885,0.925956154,-0.516350885,0.595789482,2.020719327,-0.516350885,-0.516350885,-0.516350885,2.611543897
_3703,-0.484914832,-0.484914832,-0.484914832,-0.484914832,-0.484914832,-0.484914832,-0.484914832,-0.484914832,-0.484914832,-0.484914832,-0.484914832,-0.484914832,-0.484914832,-0.484914832,-0.484914832,-0.484914832,-0.484914832,1.355849049,2.729816348,-0.484914832,-0.484914832,-0.484914832,-0.484914832,-0.484914832,0.395833436,0.043534129,-0.484914832,2.668163969,-0.484914832,1.65530346,-0.044540698,-0.484914832,-0.484914832,1.082817086,2.721008865
_3754,-0.463631275,-0.463631275,-0.463631275,-0.463631275,-0.463631275,-0.463631275,-0.463631275,-0.463631275,-0.463631275,-0.463631275,-0.463631275,-0.463631275,-0.463631275,-0.463631275,-0.463631275,-0.463631275,-0.463631275,0.08675068,2.811141355,-0.463631275,-0.463631275,-0.463631275,-0.463631275,-0.463631275,0.44449895,0.288557396,-0.463631275,2.875352583,-0.463631275,1.65533925,-0.004979646,-0.463631275,-0.463631275,1.0499191,2.847833485
_4570,-0.444923918,-0.444923918,-0.444923918,-0.444923918,-0.444923918,-0.444923918,-0.444923918,-0.444923918,-0.444923918,-0.444923918,-0.444923918,-0.444923918,-0.444923918,-0.444923918,-0.444923918,-0.444923918,-0.444923918,-0.444923918,3.766412499,-0.444923918,-0.444923918,-0.044606768,-0.444923918,-0.444923918,-0.444923918,3.045841629,-0.444923918,0.836090962,-0.444923918,0.435773812,0.579887986,0.123526435,-0.444923918,1.692769662,1.132325653
_183,-0.529642659,-0.529642659,-0.529642659,-0.529642659,-0.529642659,-0.529642659,-0.529642659,-0.529642659,-0.529642659,-0.529642659,-0.529642659,-0.529642659,-0.529642659,-0.529642659,-0.529642659,-0.529642659,-0.529642659,1.964012991,0.855721591,-0.529642659,-0.529642659,1.713328032,-0.529642659,-0.529642659,0.130054603,1.251539948,-0.529642659,1.304315729,-0.529642659,2.003594827,3.151468063,-0.529642659,-0.529642659,-0.529642659,1.396673346
_1125,-0.059562233,0.121000443,-1.208597445,0.079963471,-0.609457656,-0.478139346,-0.240124909,-0.724361177,-0.379650614,-1.208597445,-1.208597445,-1.208597445,-1.208597445,-1.208597445,-0.404272797,-0.059562233,1.023813823,-0.387858008,1.163339527,1.294657837,0.597029316,0.621651499,0.843251147,0.638066288,-1.208597445,0.720140231,-0.798227726,0.744762414,3.674802203,0.588821922,0.244111358,0.030719105,0.424674034,-0.519176318,0.309770513
_1512,-0.736523773,1.802858222,-0.736523773,0.425023196,1.394314115,1.434367459,-0.736523773,0.873620647,-0.335990335,-0.736523773,0.449055203,0.729428609,1.818879559,1.971082266,-0.736523773,1.818879559,0.59324724,-0.736523773,-0.736523773,-0.736523773,-0.736523773,-0.736523773,-0.736523773,-0.736523773,-0.736523773,-0.063627598,-0.736523773,-0.736523773,-0.736523773,-0.736523773,-0.736523773,-0.736523773,1.802858222,0.01647909,-0.736523773
_2193,-0.30161819,-1.13771285,0.263310635,-0.083179044,-1.13771285,-1.13771285,0.018508144,-0.410837762,-0.132139542,0.003443376,-1.13771285,-0.949403242,-1.13771285,-1.13771285,-0.712133135,0.444087859,-1.13771285,0.869667573,1.905370418,0.195519176,0.090065795,0.560839816,-1.13771285,-1.13771285,0.090065795,1.830046575,-1.13771285,0.93369284,0.240713482,1.479790704,1.555114547,0.719019887,-0.312916766,1.321610633,1.758488924
_2194,-0.639649221,-0.639649221,0.328567266,-0.639649221,-0.639649221,-0.639649221,-0.639649221,-0.639649221,-0.639649221,-0.639649221,-0.639649221,-0.639649221,-0.639649221,-0.639649221,-0.639649221,-0.639649221,-0.182943331,0.43817668,2.338073183,-0.639649221,-0.639649221,0.218957853,-0.639649221,-0.639649221,0.43817668,2.39287789,-0.639649221,0.830943745,-0.639649221,1.707819055,1.799160233,0.35596962,-0.639649221,1.223710811,2.182793181
_2527,-0.558132208,-0.558132208,-0.286893285,-0.558132208,-0.558132208,-0.558132208,-0.558132208,-0.558132208,-0.558132208,-0.558132208,-0.558132208,-0.558132208,-0.558132208,-0.558132208,-0.558132208,-0.558132208,-0.558132208,1.828770321,2.382097726,1.807071208,2.289876492,2.110858802,-0.558132208,1.980664119,-0.558132208,-0.558132208,0.499699595,-0.558132208,0.033168646,0.33695624,0.412903139,-0.558132208,-0.558132208,-0.558132208,-0.558132208
_3807,-1.44335772,0.344299302,-1.1562211,-1.573032322,-1.350733003,-1.035808969,0.649960865,0.603648507,0.010850324,0.242412114,-0.220711466,-0.970971667,-1.498932549,-1.434095248,-0.767197292,0.112737512,0.362824245,0.594386036,-0.970971667,0.890785127,0.612910979,-0.739409877,-0.016937091,0.798160411,-0.294811239,0.955622429,-0.70235999,1.789244874,1.613257913,0.39061166,2.270893398,1.029722202,0.464711433,-0.322598654,0.761110525
_775,1.093025585,0.649989541,1.087687801,0.991607695,-0.08128682,0.260331334,0.473842681,-1.41039495,0.500531599,0.660665109,1.082350017,0.895527589,1.007621046,0.511207166,0.319046955,-0.374864921,0.879514238,-0.022571199,0.751407431,-0.193380276,0.116211176,-1.46911057,-0.043922334,-0.588376267,0.927554291,0.02013107,-2.718151946,-0.631078536,-0.465607243,-1.928159965,-0.438918325,0.377762575,-0.567025132,0.778096349,-2.451262763
_2344,-0.915532412,-0.915532412,-0.915532412,-0.36804537,-0.915532412,0.17683459,0.030838046,-0.18554969,-0.915532412,-0.785178354,-0.003054009,-0.915532412,-0.915532412,-0.915532412,-0.915532412,0.47143476,-0.915532412,1.615943384,1.808867389,1.636800033,1.814081552,1.756725766,-0.915532412,1.694155819,0.247225781,-0.915532412,1.128419209,0.187262915,0.693036657,0.825997796,0.781677417,-0.255940881,-0.915532412,-0.915532412,-0.454079048
_3018,-0.365506647,-1.201212799,-0.719074634,-0.633361183,-0.954786626,-0.247650651,-0.119080474,-0.397649191,-0.376220828,-0.869073174,-0.108366292,-0.354792465,-0.954786626,-0.83693063,-1.211926981,-0.729788816,-0.772645542,1.263048932,1.509475105,1.252334751,2.045184177,1.927328181,-0.226222288,1.434475835,0.609483864,-0.869073174,1.155907118,0.566627138,0.705911497,1.155907118,0.780910767,0.834481674,-1.072642622,-1.361925521,-0.858358993
_6782,-0.446318161,-0.446318161,-0.446318161,-0.446318161,-0.446318161,-0.446318161,-0.446318161,-0.446318161,-0.446318161,-0.446318161,-0.446318161,-0.446318161,-0.446318161,-0.446318161,-0.446318161,-0.446318161,-0.446318161,-0.446318161,3.801626292,-0.446318161,-0.446318161,0.076827708,-0.446318161,-0.446318161,-0.446318161,2.828574976,-0.446318161,0.798769006,-0.446318161,0.767380254,1.290526123,-0.446318161,-0.446318161,0.945249849,1.54163614
_2403,-0.495480235,-0.495480235,-0.495480235,-0.495480235,-0.495480235,-0.495480235,-0.495480235,-0.495480235,-0.495480235,-0.495480235,-0.495480235,-0.495480235,-0.495480235,-0.495480235,-0.495480235,-0.495480235,-0.495480235,2.452115174,-0.495480235,-0.495480235,1.940125897,-0.495480235,-0.495480235,2.042523752,-0.495480235,1.991324824,-0.495480235,-0.312626922,1.6036758,-0.495480235,1.621961132,-0.495480235,2.038866686,-0.495480235,-0.495480235
_7031,-0.432948911,-0.432948911,-0.432948911,-0.432948911,-0.432948911,-0.432948911,-0.432948911,-0.432948911,-0.432948911,-0.432948911,-0.432948911,-0.432948911,-0.432948911,-0.432948911,-0.432948911,-0.432948911,-0.432948911,-0.432948911,3.991485134,-0.432948911,-0.432948911,0.041775772,-0.432948911,-0.432948911,-0.432948911,2.728717478,-0.432948911,0.972236151,-0.432948911,0.440544506,1.076675581,-0.432948911,-0.432948911,0.839313239,1.598872732
_2750,-0.511918452,-0.511918452,-0.511918452,-0.511918452,-0.511918452,-0.511918452,-0.511918452,-0.511918452,-0.511918452,-0.511918452,-0.511918452,-0.511918452,-0.511918452,-0.511918452,-0.511918452,-0.511918452,-0.511918452,-0.511918452,-0.511918452,-0.511918452,-0.511918452,-0.511918452,2.076941494,-0.511918452,0.419326133,-0.511918452,1.611319202,1.536819635,1.294696043,2.24456552,2.374939762,2.263190411,-0.511918452,-0.511918452,-0.511918452
_3368,-0.506831475,-0.506831475,-0.506831475,-0.506831475,-0.506831475,-0.506831475,-0.506831475,-0.506831475,-0.506831475,-0.506831475,-0.506831475,-0.506831475,-0.506831475,-0.506831475,-0.506831475,-0.506831475,-0.506831475,-0.506831475,-0.506831475,-0.506831475,-0.506831475,-0.506831475,1.620835337,-0.506831475,0.134032023,-0.506831475,1.941267086,1.813094386,1.390124478,2.197612484,2.492409693,2.095074325,-0.506831475,-0.506831475,-0.506831475
_3302,-0.483309675,-0.483309675,-0.483309675,-0.483309675,-0.483309675,-0.483309675,-0.483309675,-0.483309675,-0.483309675,-0.483309675,-0.483309675,-0.483309675,-0.483309675,-0.483309675,-0.483309675,-0.483309675,-0.483309675,-0.483309675,-0.483309675,-0.483309675,-0.483309675,-0.483309675,0.172851637,-0.483309675,0.330330352,-0.483309675,2.036349765,1.498297489,1.826378145,3.020591734,1.957610408,2.206951706,-0.483309675,-0.483309675,-0.483309675
_4569,-0.436009863,-0.436009863,-0.436009863,-0.436009863,-0.436009863,-0.436009863,-0.436009863,-0.436009863,-0.436009863,-0.436009863,-0.436009863,-0.436009863,-0.436009863,-0.436009863,-0.436009863,-0.436009863,-0.436009863,-0.436009863,3.693066862,-0.436009863,-0.436009863,-0.02556486,-0.436009863,-0.436009863,-0.436009863,3.019937058,-0.436009863,0.762489545,-0.436009863,0.590102644,0.729653944,-0.436009863,-0.436009863,1.763975351,1.238605747
_4683,-0.507518323,-0.507518323,-0.507518323,-0.507518323,-0.507518323,-0.507518323,-0.507518323,-0.507518323,-0.507518323,-0.507518323,-0.507518323,-0.507518323,-0.507518323,-0.507518323,-0.507518323,-0.507518323,-0.507518323,-0.507518323,-0.507518323,-0.507518323,-0.507518323,-0.507518323,1.683070413,-0.507518323,1.250913451,-0.507518323,2.323854873,1.92150184,0.237579886,1.876795947,2.5622863,1.846992019,-0.507518323,-0.507518323,-0.507518323
_269,-0.481835788,-0.481835788,-0.481835788,-0.481835788,-0.481835788,-0.481835788,-0.481835788,-0.481835788,-0.481835788,-0.481835788,-0.481835788,-0.481835788,-0.481835788,-0.481835788,-0.481835788,-0.481835788,-0.481835788,1.406080038,2.421998869,2.235747083,2.235747083,2.523590752,-0.058536275,1.829379551,-0.481835788,-0.481835788,-0.481835788,0.415559179,-0.481835788,-0.481835788,-0.481835788,-0.481835788,-0.481835788,-0.481835788,-0.481835788
_796,-0.377375054,0.415624172,-0.795191851,-0.573493143,0.10865673,-0.795191851,-0.053353865,-0.786664978,0.13423735,-1.537029837,-1.451761103,-1.195954901,-1.912212267,-1.136266787,-0.138622599,0.449731666,0.790806602,0.253613578,1.438848981,1.796977663,0.347409185,0.901655956,-0.010719498,0.969870943,-1.801362913,0.381516679,-0.496751282,0.93576345,2.521761903,1.063666551,0.091602983,0.355936058,0.526473526,-0.24094508,-0.181256966
_6717,-0.718141539,0.004262633,0.389021377,0.098489265,0.349760281,-0.404052769,0.192715896,-0.60821047,0.067080387,-0.380496111,-1.3541713,-2.492743094,-3.694132642,-0.513983838,-0.529688277,0.805188999,0.648144613,-0.137077313,1.00149448,0.169159238,0.286942527,0.404725816,0.3576125,1.244913278,-0.545392715,0.640292394,0.443986912,0.36546472,1.401957663,0.671701271,-0.027146244,0.860154533,0.985790042,-0.71028932,0.726666806
_2552,-0.681821827,-1.291758285,-0.439233462,-1.35413815,-1.10461869,-0.217438387,-0.168920714,0.07366765,-0.397646886,-0.161989618,0.184565188,-0.67489073,-2.373009279,-0.681821827,0.267738341,0.184565188,-0.42537127,1.487611258,1.799510583,1.50147345,1.958925794,1.619302084,-0.716477307,1.854959352,-0.182782906,-0.356060309,0.350911495,0.309324918,-0.099609753,0.614293147,1.099469875,-0.494682231,-0.155058522,-1.007583344,-0.321404828
_1915,-0.668700561,0.101574769,0.595341006,-0.481069391,0.289205939,-0.629199262,-0.194684973,-0.540321339,0.585465681,-0.994586278,-1.508103164,-2.149999272,-3.196783695,-1.379723942,-0.086056401,0.980478671,0.763221526,0.358333212,1.385366985,0.822473475,0.476837109,0.516338408,0.121325418,1.39524231,-0.777329133,0.24970464,0.476837109,0.81259815,0.634842305,0.881725423,0.131200743,0.64471763,0.842224124,-0.964960303,0.506463083
_1890,0.062894285,0.737486216,0.222666058,0.577714443,-0.815850467,0.000760818,-0.008115392,0.204913639,-0.851355305,-1.179775061,-0.558440388,-1.605833122,-1.312918205,-2.12065328,-1.073260545,1.030401133,-2.031891184,0.542209605,0.613219281,1.252306374,-0.95786982,-0.03474402,0.391314041,0.604343072,1.412078147,-0.372039986,1.989031772,-0.95786982,-0.123506117,0.391314041,1.030401133,0.506704766,0.329180574,0.666476539,1.438706776
_2940,-0.727713895,-0.727713895,-0.558769968,-0.727713895,-0.727713895,-0.727713895,-0.264807537,0.24540312,-0.727713895,-0.727713895,-0.727713895,-0.727713895,-0.727713895,-0.727713895,-0.727713895,0.7049306,-0.727713895,0.742098263,2.036208738,-0.727713895,-0.727713895,0.684657328,-0.727713895,-0.727713895,0.309601812,1.982146682,-0.727713895,1.157700322,-0.727713895,1.569923502,1.745625185,0.819812469,-0.727713895,1.542892473,1.836854905
_3843,-1.064985062,0.107679886,-1.064985062,-1.064985062,-0.726064557,-1.064985062,0.412708341,-0.631166816,-0.143121288,-1.064985062,-0.217683799,-1.064985062,-1.064985062,0.697401566,0.900753869,-1.064985062,-0.576939535,1.551481239,-1.064985062,1.402356217,0.012782145,-0.27191108,-1.064985062,1.917515385,-1.064985062,-0.30580313,0.751628847,0.96853797,0.778742487,0.839748178,1.931072205,0.100901476,1.754833543,0.846526588,-0.387144052
_5996,0.347493072,-1.421184239,-0.838561125,-0.630481441,0.399512993,-0.255938011,-0.932196983,0.097797451,-0.495229647,-1.941383448,-0.359977853,-1.02583284,-0.557653552,-0.474421679,-0.380785821,0.264261198,-0.505633631,0.295473151,0.722036502,-0.547249568,1.283851648,-0.880177062,1.502335316,0.69082455,0.461936898,-0.703309331,-0.786541204,0.129009404,3.395860437,1.179811806,0.774056423,-0.880177062,0.919712202,0.233049246,0.919712202
_1193,-0.454974971,-0.454974971,-0.454974971,-0.454974971,-0.454974971,-0.454974971,-0.454974971,-0.454974971,-0.454974971,-0.454974971,-0.454974971,-0.454974971,-0.454974971,-0.454974971,-0.454974971,-0.454974971,-0.454974971,-0.454974971,-0.454974971,-0.454974971,-0.454974971,-0.454974971,1.594518765,-0.454974971,-0.454974971,-0.454974971,1.579774205,3.26065396,1.579774205,2.007366424,0.282252991,2.434958642,-0.454974971,-0.454974971,-0.454974971
_2451,-0.434216518,-0.434216518,-0.434216518,-0.434216518,-0.434216518,-0.434216518,-0.434216518,-0.434216518,-0.434216518,-0.434216518,-0.434216518,-0.434216518,-0.434216518,-0.434216518,-0.434216518,-0.434216518,-0.434216518,0.986757037,-0.054277065,-0.434216518,-0.434216518,2.772472466,-0.434216518,-0.434216518,-0.434216518,-0.434216518,-0.434216518,-0.434216518,1.670648052,2.970040982,-0.434216518,2.673688208,-0.434216518,-0.434216518,1.138732818
_2990,-0.396982678,-0.396982678,-0.396982678,-0.396982678,-0.396982678,-0.396982678,-0.396982678,-0.396982678,-0.396982678,-0.396982678,-0.396982678,-0.396982678,-0.396982678,-0.396982678,-0.396982678,-0.396982678,-0.396982678,-0.396982678,0.929903491,-0.396982678,-0.396982678,-0.396982678,0.076905239,1.384835891,-0.396982678,-0.396982678,-0.396982678,-0.396982678,-0.396982678,3.043443602,-0.396982678,0.503404365,1.195280724,-0.396982678,3.981741679
_6917,-0.392808478,-0.392808478,-0.392808478,-0.392808478,-0.392808478,-0.392808478,-0.392808478,-0.392808478,-0.392808478,-0.392808478,-0.392808478,-0.392808478,-0.392808478,-0.392808478,-0.392808478,-0.392808478,-0.392808478,-0.392808478,4.198881664,-0.392808478,-0.392808478,-0.392808478,-0.392808478,-0.392808478,-0.392808478,2.833422788,-0.392808478,0.758460771,-0.392808478,0.276534109,0.999424102,-0.392808478,-0.392808478,0.463950033,1.467963912
_950,-0.47288212,-0.47288212,-0.47288212,-0.47288212,-0.47288212,-0.47288212,-0.47288212,-0.47288212,-0.47288212,-0.47288212,-0.47288212,-0.47288212,-0.47288212,-0.47288212,-0.47288212,-0.47288212,-0.47288212,-0.47288212,-0.47288212,2.384822777,-0.47288212,2.71226813,1.432254478,-0.47288212,-0.47288212,-0.47288212,2.622964852,1.610861034,-0.47288212,-0.47288212,1.462022238,1.015505847,-0.47288212,-0.47288212,-0.47288212
_2342,-0.661088567,-0.661088567,-0.661088567,-0.661088567,-0.661088567,-0.661088567,0.576314127,-0.661088567,-0.661088567,-0.661088567,0.099537104,-0.661088567,-0.661088567,-0.661088567,-0.661088567,-0.550210189,-0.661088567,1.760495199,1.944553306,1.760495199,1.929030333,1.90463709,-0.661088567,1.860285739,-0.661088567,-0.661088567,1.183927636,-0.661088567,0.476523587,0.948865476,0.649493856,-0.661088567,-0.661088567,-0.661088567,-0.661088567
_2584,-0.561723279,-0.561723279,-0.561723279,-0.561723279,-0.561723279,-0.561723279,-0.561723279,-0.327671913,-0.561723279,-0.561723279,-0.561723279,-0.561723279,-0.561723279,-0.561723279,-0.561723279,-0.561723279,0.093620546,-0.561723279,2.902236941,-0.561723279,-0.561723279,0.322990885,-0.561723279,-0.561723279,-0.561723279,2.452858318,-0.561723279,1.184299913,-0.561723279,1.310687651,1.755385246,0.599171497,-0.561723279,1.343454842,1.844324766
_3219,-0.593391285,-0.593391285,-0.593391285,-0.259596766,-0.593391285,-0.593391285,-0.593391285,-0.593391285,0.134280767,-0.593391285,-0.593391285,-0.593391285,-0.593391285,-0.593391285,-0.593391285,-0.593391285,-0.593391285,0.808545695,2.350676373,-0.593391285,-0.593391285,-0.593391285,-0.593391285,-0.593391285,-0.593391285,2.290593359,-0.593391285,1.035525968,-0.593391285,1.409375829,1.823281033,1.115636652,-0.593391285,1.476134733,2.056937196
_4019,-0.632354635,-0.632354635,0.105392439,-0.632354635,-0.632354635,-0.632354635,0.082692529,-0.632354635,-0.632354635,-0.632354635,-0.632354635,-0.632354635,-0.632354635,-0.632354635,-0.632354635,0.479940954,-0.632354635,0.162142214,2.556982718,-0.632354635,-0.632354635,-0.064856886,-0.632354635,-0.632354635,-0.632354635,2.171084248,-0.632354635,1.183638163,-0.632354635,0.967989019,1.864635463,0.559390639,-0.632354635,1.637636363,2.205134113
_1760,0.139988186,-0.547858732,-0.547858732,-0.547858732,-0.547858732,-0.547858732,-0.547858732,0.29872209,-0.547858732,-0.547858732,-0.547858732,-0.547858732,-0.547858732,-0.547858732,-0.547858732,-0.547858732,-0.547858732,0.425709214,0.870164145,2.711477434,1.917807913,2.57390805,-0.547858732,2.425756406,-0.018745718,0.362215652,-0.547858732,-0.547858732,-0.547858732,-0.547858732,-0.547858732,-0.547858732,1.4416062,-0.547858732,-0.547858732
_3430,-0.792010804,-0.792010804,-0.280328697,-0.792010804,-0.792010804,-0.792010804,0.226236589,0.627907043,-0.792010804,-0.664090277,-0.792010804,-0.792010804,-0.792010804,-0.792010804,-0.792010804,0.927241075,-0.792010804,0.932357896,1.825243173,-0.792010804,-0.792010804,0.702100948,-0.792010804,-0.792010804,0.61511499,1.753607678,-0.792010804,1.257276034,-0.792010804,1.385196561,1.625687151,0.924682665,-0.792010804,1.484974572,1.704997878
_6000,0.040523968,-1.361727889,0.029799288,1.220238723,-1.361727889,0.801976219,-0.029186449,-1.361727889,0.330090317,-1.361727889,-1.361727889,0.120959065,0.220162351,-1.361727889,-1.361727889,-1.227669394,0.684004744,-1.361727889,1.397195937,-1.361727889,-0.085491017,1.121035437,1.056687359,0.689367083,0.23624937,1.078136719,0.77784569,0.7858892,0.450742962,0.50168519,0.697410593,1.491036883,0.670598894,-1.361727889,0.557989758
_207,-0.372166711,-0.372166711,-0.372166711,-0.372166711,-0.372166711,-0.372166711,-0.372166711,-0.372166711,-0.372166711,-0.372166711,-0.372166711,-0.372166711,-0.372166711,-0.372166711,-0.372166711,-0.372166711,-0.372166711,0.23994959,-0.372166711,-0.372166711,-0.372166711,3.520892961,-0.372166711,-0.372166711,-0.372166711,-0.372166711,-0.372166711,-0.372166711,0.998973803,3.533135287,-0.372166711,1.92939058,-0.372166711,-0.372166711,0.570492392
_423,-0.403317452,-0.403317452,-0.403317452,-0.403317452,-0.403317452,-0.403317452,-0.403317452,-0.403317452,-0.403317452,-0.403317452,-0.403317452,-0.403317452,-0.403317452,-0.403317452,-0.403317452,-0.403317452,-0.403317452,0.977906698,3.85085293,1.226527045,1.972388086,2.663000161,-0.403317452,1.005531181,-0.403317452,-0.403317452,-0.403317452,-0.403317452,-0.403317452,-0.403317452,-0.403317452,-0.403317452,-0.403317452,-0.403317452,-0.403317452
_451,-0.368808986,-0.368808986,-0.368808986,-0.368808986,-0.368808986,-0.368808986,-0.368808986,-0.368808986,-0.368808986,-0.368808986,-0.368808986,-0.368808986,-0.368808986,-0.368808986,-0.368808986,-0.368808986,-0.368808986,-0.368808986,4.246987821,-0.368808986,2.814499157,-0.368808986,-0.368808986,1.636675144,-0.368808986,-0.368808986,0.427018049,-0.368808986,-0.368808986,0.824931567,0.745348864,-0.368808986,-0.368808986,-0.368808986,-0.368808986
_545,-0.425508782,-0.425508782,-0.425508782,-0.425508782,-0.425508782,-0.425508782,-0.425508782,-0.425508782,-0.425508782,-0.425508782,-0.425508782,-0.425508782,-0.425508782,-0.425508782,-0.425508782,-0.425508782,-0.425508782,1.596139279,3.348234266,1.29289207,2.371104369,2.472186772,-0.425508782,1.259197935,-0.425508782,-0.425508782,-0.425508782,-0.425508782,-0.425508782,-0.425508782,-0.425508782,-0.425508782,-0.425508782,-0.425508782,-0.425508782
_1457,-0.361915959,-0.361915959,-0.361915959,-0.361915959,-0.361915959,-0.361915959,-0.361915959,-0.361915959,-0.361915959,-0.361915959,-0.361915959,-0.361915959,-0.361915959,-0.361915959,-0.361915959,-0.361915959,-0.361915959,0.495019122,4.343436666,2.458179488,0.681986776,2.099824818,-0.361915959,0.417115933,-0.361915959,-0.361915959,-0.361915959,-0.361915959,-0.361915959,-0.361915959,-0.361915959,-0.361915959,-0.361915959,-0.361915959,-0.361915959
_1057,-0.42754999,-0.42754999,-0.42754999,-0.42754999,-0.42754999,-0.42754999,-0.42754999,-0.42754999,-0.42754999,-0.42754999,-0.42754999,-0.42754999,-0.42754999,-0.42754999,-0.42754999,-0.42754999,-0.42754999,1.41988824,3.156480177,1.937170945,2.934787589,1.493785769,-0.42754999,1.456837005,-0.42754999,-0.42754999,-0.42754999,-0.42754999,-0.42754999,-0.42754999,-0.42754999,-0.42754999,-0.42754999,-0.42754999,-0.42754999
_1205,-0.414656361,-0.414656361,-0.414656361,-0.414656361,-0.414656361,-0.414656361,-0.414656361,-0.414656361,-0.414656361,-0.414656361,-0.414656361,-0.414656361,-0.414656361,-0.414656361,-0.414656361,-0.414656361,-0.414656361,1.124980737,3.497536266,0.84734126,2.740337693,1.831699405,-0.414656361,1.98313912,-0.414656361,-0.414656361,-0.414656361,-0.414656361,-0.414656361,-0.414656361,-0.414656361,-0.414656361,-0.414656361,-0.414656361,-0.414656361
_6661,-0.387450711,-0.387450711,-0.387450711,-0.387450711,-0.387450711,-0.387450711,-0.387450711,-0.387450711,-0.387450711,-0.387450711,-0.387450711,-0.387450711,-0.387450711,-0.387450711,-0.387450711,-0.387450711,-0.387450711,-0.387450711,4.162663976,-0.387450711,-0.387450711,-0.387450711,-0.387450711,-0.387450711,-0.387450711,2.192141868,-0.387450711,0.508241157,-0.387450711,-0.387450711,1.493502211,-0.387450711,-0.387450711,0.776948717,2.102572681
_1353,-0.40902394,-0.40902394,-0.40902394,-0.40902394,-0.40902394,-0.40902394,-0.40902394,-0.40902394,-0.40902394,-0.40902394,-0.40902394,-0.40902394,-0.40902394,-0.40902394,-0.40902394,-0.40902394,-0.40902394,0.878371554,3.504658359,1.058606923,3.041195982,1.59931303,-0.40902394,1.779548399,-0.40902394,-0.40902394,-0.40902394,-0.40902394,-0.40902394,-0.40902394,-0.40902394,-0.40902394,-0.40902394,-0.40902394,-0.40902394
_1550,-0.422890386,-0.422890386,-0.422890386,-0.422890386,-0.422890386,-0.422890386,-0.422890386,-0.422890386,-0.422890386,-0.422890386,-0.422890386,-0.422890386,-0.422890386,-0.422890386,-0.422890386,-0.422890386,-0.422890386,1.460455052,3.223073219,0.784382331,2.305545954,2.61943686,-0.422890386,1.870927776,-0.422890386,-0.422890386,-0.422890386,-0.422890386,-0.422890386,-0.422890386,-0.422890386,-0.422890386,-0.422890386,-0.422890386,-0.422890386
_3342,-0.296140276,-0.296140276,-0.296140276,-0.296140276,-0.296140276,-0.296140276,-0.296140276,-0.296140276,-0.296140276,-0.296140276,-0.296140276,-0.296140276,-0.296140276,-0.296140276,-0.296140276,-0.296140276,-0.296140276,-0.296140276,-0.296140276,-0.296140276,-0.296140276,-0.296140276,-0.102403647,-0.296140276,-0.296140276,-0.296140276,-0.296140276,-0.296140276,-0.040407925,-0.296140276,0.730663858,4.264419971,-0.296140276,3.563093374,0.172702366
_1038,-0.430158583,-0.430158583,-0.430158583,-0.430158583,-0.430158583,-0.430158583,-0.430158583,-0.430158583,-0.430158583,-0.430158583,-0.430158583,-0.430158583,-0.430158583,-0.430158583,-0.430158583,-0.430158583,-0.430158583,1.171495717,2.805183102,2.068422125,2.132488297,1.331661147,-0.430158583,2.965348532,-0.430158583,-0.430158583,-0.430158583,-0.430158583,-0.430158583,-0.430158583,-0.430158583,-0.430158583,-0.430158583,-0.430158583,-0.430158583
_2157,-0.428675824,-0.428675824,-0.428675824,-0.428675824,-0.428675824,-0.428675824,-0.428675824,-0.428675824,-0.428675824,-0.428675824,-0.428675824,-0.428675824,-0.428675824,-0.428675824,-0.428675824,-0.428675824,-0.428675824,1.79644233,1.351418699,1.160694286,3.036151015,2.305040765,-0.428675824,2.781851797,-0.428675824,-0.428675824,-0.428675824,-0.428675824,-0.428675824,-0.428675824,-0.428675824,-0.428675824,-0.428675824,-0.428675824,-0.428675824
_2675,-0.42549087,-0.42549087,-0.42549087,-0.42549087,-0.42549087,-0.42549087,-0.42549087,-0.42549087,-0.42549087,-0.42549087,-0.42549087,-0.42549087,-0.42549087,-0.42549087,-0.42549087,-0.42549087,-0.42549087,1.406167688,2.86618538,0.90179794,3.025460037,1.963628989,-0.42549087,2.175995198,-0.42549087,-0.42549087,-0.42549087,-0.42549087,-0.42549087,-0.42549087,-0.42549087,-0.42549087,-0.42549087,-0.42549087,-0.42549087
_2863,-0.409217959,-0.409217959,-0.409217959,-0.409217959,-0.409217959,-0.409217959,-0.409217959,-0.409217959,-0.409217959,-0.409217959,-0.409217959,-0.409217959,-0.409217959,-0.409217959,-0.409217959,-0.409217959,-0.409217959,0.28136201,3.167986281,1.41391316,2.449783113,2.850319495,-0.409217959,1.703956747,-0.409217959,-0.409217959,-0.409217959,-0.409217959,-0.409217959,-0.409217959,-0.409217959,-0.409217959,-0.409217959,-0.409217959,-0.409217959
_2702,-0.416613487,-0.416613487,-0.416613487,-0.416613487,-0.416613487,-0.416613487,-0.416613487,-0.416613487,-0.416613487,-0.416613487,-0.416613487,-0.416613487,-0.416613487,-0.416613487,-0.416613487,-0.416613487,-0.416613487,1.687284623,0.624920231,1.603961926,3.270415874,1.95808339,-0.416613487,2.937125085,-0.416613487,-0.416613487,-0.416613487,-0.416613487,-0.416613487,-0.416613487,-0.416613487,-0.416613487,-0.416613487,-0.416613487,-0.416613487
_2703,-0.410268338,-0.410268338,-0.410268338,-0.410268338,-0.410268338,-0.410268338,-0.410268338,-0.410268338,-0.410268338,-0.410268338,-0.410268338,-0.410268338,-0.410268338,-0.410268338,-0.410268338,-0.410268338,-0.410268338,1.903763152,0.622781434,1.242611298,3.226066861,1.697153198,-0.410268338,3.205405866,-0.410268338,-0.410268338,-0.410268338,-0.410268338,-0.410268338,-0.410268338,-0.410268338,-0.410268338,-0.410268338,-0.410268338,-0.410268338
_2918,-0.402865653,-0.402865653,-0.402865653,-0.402865653,-0.402865653,-0.402865653,-0.402865653,-0.402865653,-0.402865653,-0.402865653,-0.402865653,-0.402865653,-0.402865653,-0.402865653,-0.402865653,-0.402865653,-0.402865653,0.792594382,3.382757792,0.363454882,2.47849956,2.156644935,-0.402865653,2.509152382,-0.402865653,-0.402865653,-0.402865653,-0.402865653,-0.402865653,-0.402865653,-0.402865653,-0.402865653,-0.402865653,-0.402865653,-0.402865653
_2920,-0.432057012,-0.432057012,-0.432057012,-0.432057012,-0.432057012,-0.432057012,-0.432057012,-0.432057012,-0.432057012,-0.432057012,-0.432057012,-0.432057012,-0.432057012,-0.432057012,-0.432057012,-0.432057012,-0.432057012,1.847640792,2.784849889,0.834441768,2.379570279,2.126270523,-0.432057012,2.556880108,-0.432057012,-0.432057012,-0.432057012,-0.432057012,-0.432057012,-0.432057012,-0.432057012,-0.432057012,-0.432057012,-0.432057012,-0.432057012
_3129,-0.415902468,-0.415902468,-0.415902468,-0.415902468,-0.415902468,-0.415902468,-0.415902468,-0.415902468,-0.415902468,-0.415902468,-0.415902468,-0.415902468,-0.415902468,-0.415902468,-0.415902468,-0.415902468,-0.415902468,1.403670829,3.080532496,0.476045227,2.937820864,2.063712124,-0.415902468,2.099390031,-0.415902468,-0.415902468,-0.415902468,-0.415902468,-0.415902468,-0.415902468,-0.415902468,-0.415902468,-0.415902468,-0.415902468,-0.415902468
_2947,-0.426094524,-0.426094524,-0.426094524,-0.426094524,-0.426094524,-0.426094524,-0.426094524,-0.426094524,-0.426094524,-0.426094524,-0.426094524,-0.426094524,-0.426094524,-0.426094524,-0.426094524,-0.426094524,-0.426094524,1.987062165,3.121245809,0.780483821,2.131851567,2.662746038,-0.426094524,1.673351796,-0.426094524,-0.426094524,-0.426094524,-0.426094524,-0.426094524,-0.426094524,-0.426094524,-0.426094524,-0.426094524,-0.426094524,-0.426094524
_2793,-0.41811028,-0.41811028,-0.41811028,-0.41811028,-0.41811028,-0.41811028,-0.41811028,-0.41811028,-0.41811028,-0.41811028,-0.41811028,-0.41811028,-0.41811028,-0.41811028,-0.41811028,-0.41811028,-0.41811028,1.115837289,3.048611226,1.14651624,2.987253323,2.557748004,-0.41811028,1.269232046,-0.41811028,-0.41811028,-0.41811028,-0.41811028,-0.41811028,-0.41811028,-0.41811028,-0.41811028,-0.41811028,-0.41811028,-0.41811028
_3054,-0.436698218,-0.436698218,-0.436698218,-0.436698218,-0.436698218,-0.436698218,-0.436698218,-0.436698218,-0.436698218,-0.436698218,-0.436698218,-0.436698218,-0.436698218,-0.436698218,-0.436698218,-0.436698218,-0.436698218,1.932982035,2.377297082,2.377297082,2.762370124,2.16995006,-0.436698218,1.04435194,-0.436698218,-0.436698218,-0.436698218,-0.436698218,-0.436698218,-0.436698218,-0.436698218,-0.436698218,-0.436698218,-0.436698218,-0.436698218
_4799,-0.373937177,-0.373937177,-0.373937177,-0.373937177,-0.373937177,-0.373937177,-0.373937177,-0.373937177,-0.373937177,-0.373937177,-0.373937177,-0.373937177,-0.373937177,-0.373937177,-0.373937177,-0.373937177,-0.373937177,-0.373937177,4.04109832,-0.373937177,-0.373937177,-0.373937177,-0.373937177,-0.373937177,-0.373937177,2.960935241,-0.373937177,1.398369234,-0.373937177,-0.373937177,0.150413832,-0.373937177,-0.373937177,1.492752416,0.800609084
_240,-0.394767263,-0.394767263,-0.394767263,-0.394767263,-0.394767263,-0.394767263,-0.394767263,-0.394767263,-0.394767263,-0.394767263,-0.394767263,-0.394767263,-0.394767263,-0.394767263,-0.394767263,-0.394767263,-0.394767263,0.791318113,3.787744327,1.249105452,2.206297159,2.768127074,-0.394767263,0.645658506,-0.394767263,-0.394767263,-0.394767263,-0.394767263,-0.394767263,-0.394767263,-0.394767263,-0.394767263,-0.394767263,-0.394767263,-0.394767263
_326,-0.392508714,-0.392508714,-0.392508714,-0.392508714,-0.392508714,-0.392508714,-0.392508714,-0.392508714,-0.392508714,-0.392508714,-0.392508714,-0.392508714,-0.392508714,-0.392508714,-0.392508714,-0.392508714,-0.392508714,1.324716911,4.068330266,0.929952399,2.094507709,2.370842867,-0.392508714,0.594402565,-0.392508714,-0.392508714,-0.392508714,-0.392508714,-0.392508714,-0.392508714,-0.392508714,-0.392508714,-0.392508714,-0.392508714,-0.392508714
_340,-0.420117975,-0.420117975,-0.420117975,-0.420117975,-0.420117975,-0.420117975,-0.420117975,-0.420117975,-0.420117975,-0.420117975,-0.420117975,-0.420117975,-0.420117975,-0.420117975,-0.420117975,-0.420117975,-0.420117975,0.411563537,2.840073551,2.524034576,2.440866425,2.457500055,-0.420117975,1.509383132,-0.420117975,-0.420117975,-0.420117975,-0.420117975,-0.420117975,-0.420117975,-0.420117975,-0.420117975,-0.420117975,-0.420117975,-0.420117975
_468,-0.405102281,-0.405102281,-0.405102281,-0.405102281,-0.405102281,-0.405102281,-0.405102281,-0.405102281,-0.405102281,-0.405102281,-0.405102281,-0.405102281,-0.405102281,-0.405102281,-0.405102281,-0.405102281,-0.405102281,1.209729717,3.72957745,2.150236265,1.706601101,2.469653583,-0.405102281,0.482168047,-0.405102281,-0.405102281,-0.405102281,-0.405102281,-0.405102281,-0.405102281,-0.405102281,-0.405102281,-0.405102281,-0.405102281,-0.405102281
_4464,0.346320325,-0.980819607,0.302082327,0.316828327,-0.980819607,0.759208304,-0.464709633,-0.980819607,1.157350283,-0.980819607,-0.980819607,-0.980819607,-0.980819607,-0.980819607,-0.980819607,0.405304322,-0.980819607,-0.980819607,1.157350283,1.23108028,-0.980819607,1.444897269,1.149977284,0.64861331,1.319556275,-0.980819607,1.776682252,0.995144292,-0.980819607,0.855057299,-0.33199564,1.688206256,-0.980819607,0.567510314,-0.612169626
_1378,0.500722297,-1.177870056,-1.177870056,-0.529719945,-1.177870056,-1.177870056,0.353239038,0.413396683,0.591929049,-1.080841596,-1.177870056,-1.177870056,-1.177870056,0.374585299,-1.177870056,0.553117665,0.61327531,0.236804886,1.748508288,-1.177870056,0.267853994,0.842262475,-1.177870056,-1.177870056,0.514306281,1.577738199,-1.177870056,0.960637196,0.430861806,1.079011916,1.243960298,0.869430443,0.166944395,1.06930907,1.337107619
_6482,-0.351235984,-0.351235984,-0.351235984,-0.351235984,-0.351235984,-0.351235984,-0.351235984,-0.351235984,-0.351235984,-0.351235984,1.78151273,-0.351235984,-0.351235984,0.846937451,1.014681732,4.34560388,2.548343728,-0.351235984,-0.351235984,-0.351235984,-0.351235984,-0.351235984,-0.351235984,-0.351235984,-0.351235984,-0.351235984,-0.351235984,-0.351235984,-0.351235984,-0.351235984,-0.351235984,-0.351235984,-0.351235984,-0.351235984,-0.351235984
_1659,1.315859289,-0.332035434,-0.332035434,-0.332035434,-0.332035434,-0.332035434,-0.332035434,-0.332035434,3.450957669,-0.332035434,0.384440533,0.771337555,-0.332035434,-0.332035434,-0.332035434,4.038467962,-0.332035434,-0.332035434,-0.332035434,-0.332035434,-0.332035434,-0.332035434,-0.332035434,-0.332035434,-0.332035434,-0.332035434,-0.332035434,-0.332035434,-0.332035434,-0.332035434,-0.332035434,-0.332035434,-0.332035434,-0.332035434,-0.332035434
_6839,0.914185972,-0.069158277,0.090530105,0.888972017,1.099088309,0.544381297,0.485548735,-0.354916435,1.788269748,-0.405344345,-0.87600484,0.35947896,0.292241746,0.292241746,0.334265005,0.35947896,0.779711545,2.116051165,-1.4223072,1.485702287,0.031697544,-1.489544414,-1.245809515,0.107339409,0.720878983,-2.019037471,1.073874354,-0.53141412,-1.598804886,-0.665888547,-0.934837402,0.166171971,-0.144800142,-1.539972324,-0.632269941
_2274,0.572228668,-0.704128737,-0.704128737,-0.704128737,0.919624333,-0.704128737,0.44871021,-0.704128737,-0.704128737,-0.704128737,-0.704128737,-0.704128737,0.44871021,-0.704128737,-0.704128737,-0.704128737,-0.704128737,-0.704128737,1.339072432,0.453856812,-0.704128737,-0.704128737,1.488323903,-0.704128737,-0.704128737,-0.704128737,1.748227326,1.900052098,2.273180775,1.938651616,0.15278057,1.454870987,-0.704128737,-0.480251531,-0.575463676
_1547,0.664917591,0.831411265,-0.084303939,0.942407047,-1.263634127,0.808287143,-1.49487534,-0.005681927,0.026691843,-0.306295504,-1.49487534,-1.49487534,-0.005681927,-1.49487534,-1.49487534,0.32730542,-0.907522658,0.82678644,-0.995394319,-1.49487534,0.6094197,0.313430947,1.201397206,-1.49487534,0.493799094,0.836036089,1.377140528,0.281057177,0.600170052,1.011779411,-1.046267386,0.868409859,1.132024842,0.664917591,1.261519921
_1729,-0.547673601,-0.547673601,-0.547673601,-0.547673601,-0.547673601,-0.547673601,-0.547673601,-0.547673601,-0.547673601,-0.547673601,-0.547673601,-0.547673601,1.117302937,-0.547673601,-0.547673601,-0.547673601,-0.353620392,1.617960218,-0.547673601,-0.547673601,-0.547673601,1.780964914,-0.171210375,-0.547673601,1.629603411,-0.547673601,-0.547673601,2.363124543,-0.547673601,-0.547673601,2.087568986,-0.547673601,-0.547673601,1.528695742,2.09145005
_607,-1.110889665,-1.110889665,-0.760861413,0.247219954,-1.110889665,-0.333826945,0.786263463,-0.550844461,0.135210914,-0.438835421,0.233218824,-1.110889665,-1.110889665,-1.110889665,1.248300757,-1.110889665,0.086206958,0.96127759,0.793264028,1.808345961,-1.110889665,0.429234646,-1.110889665,1.388312058,-1.110889665,-1.110889665,1.143292281,-0.242819599,1.507321664,1.269302452,1.199296801,-1.110889665,1.01728211,0.555244817,0.849268549
_892,-0.545577949,-0.545577949,0.408266304,-0.545577949,-0.545577949,-0.545577949,-0.545577949,0.775129478,-0.545577949,-0.545577949,-0.545577949,-0.545577949,-0.545577949,-0.545577949,-0.545577949,-0.545577949,-0.545577949,-0.545577949,-0.545577949,-0.545577949,2.857077993,0.912703169,2.068322168,1.74731689,1.710630573,-0.086998981,2.416842184,-0.545577949,-0.545577949,0.830158955,-0.545577949,-0.545577949,-0.545577949,-0.545577949,-0.545577949
_158,0.781215143,0.47277077,-2.151665396,-2.018715236,0.775897136,-0.665282603,0.470111767,-1.21835527,-0.247819099,0.007445209,-0.534991445,-1.090723116,-2.151665396,-0.782278744,0.876939258,-0.335566205,0.773238133,0.579130899,0.757284114,0.504678809,0.887575271,0.938096332,-2.151665396,0.374387652,0.690809033,0.728035078,0.749307104,0.759943117,0.571153889,0.794510159,-1.034884049,0.927460319,0.650923985,0.571153889,-0.258455112
_1622,0.411760876,-1.034190106,-0.124485846,1.024614272,0,-0.70861174,0.612853396,-0.497943385,0.038303337,-0.794794249,-0.536246722,-0.335154201,-2.03965271,-1.723650177,-1.465102651,0.861825089,-0.986310935,-0.373457538,0.603277562,0.699035905,0.718187574,-0.019151669,-0.191516686,1.139524284,1.75237768,1.666195172,1.484254319,-0.459640047,0.076606675,-0.919280095,-1.043765941,0.861825089,0.823521751,-1.168251787,1.647043503
_6050,0.093138935,0.554341377,0.05121144,0.302776409,-0.409991002,-0.672037845,-0.514809739,-0.535773487,0.554341377,-1.259022771,-2.024199551,-0.818784076,-1.898417067,-0.693001592,0.197957672,0.061693314,0.910725083,0.973616325,1.109880683,1.476746262,-0.179389781,0.826870093,-0.284208518,0.963134451,-2.548293236,0.585786998,-0.210835402,0.743015104,2.336259905,0.826870093,-0.525291613,-0.001197928,0.690605735,-0.619628476,-0.064089171
_2398,-0.364998183,-0.364998183,-0.364998183,-0.364998183,-0.364998183,-0.364998183,-0.364998183,-0.364998183,-0.364998183,-0.364998183,-0.364998183,-0.364998183,-0.364998183,-0.364998183,-0.364998183,-0.364998183,-0.364998183,-0.364998183,3.781426302,-0.364998183,-0.364998183,-0.364998183,-0.364998183,-0.364998183,-0.364998183,3.011376041,-0.364998183,-0.364998183,-0.364998183,0.622245742,1.747703817,-0.364998183,-0.364998183,-0.364998183,1.787193574
_1022,-0.346734983,-0.346734983,-0.346734983,-0.346734983,-0.346734983,-0.346734983,-0.346734983,-0.346734983,-0.346734983,-0.346734983,-0.346734983,-0.346734983,-0.346734983,-0.346734983,-0.346734983,-0.346734983,-0.346734983,-0.346734983,-0.346734983,-0.346734983,-0.346734983,3.027507897,-0.346734983,-0.346734983,-0.346734983,3.357507201,-0.346734983,0.940262302,3.011007932,-0.346734983,-0.346734983,-0.346734983,-0.346734983,0.065764147,-0.346734983
_1726,-0.352881373,-0.352881373,-0.352881373,-0.352881373,-0.352881373,-0.352881373,-0.352881373,-0.352881373,-0.352881373,-0.352881373,-0.352881373,-0.352881373,-0.352881373,-0.352881373,-0.352881373,-0.352881373,-0.352881373,1.489510327,0.329485923,-0.352881373,-0.352881373,-0.352881373,-0.352881373,-0.352881373,2.540355963,-0.352881373,4.137095437,-0.352881373,-0.352881373,-0.352881373,2.089993548,-0.352881373,-0.352881373,-0.352881373,-0.352881373
_2744,-0.366816352,-0.366816352,-0.366816352,-0.366816352,-0.366816352,-0.366816352,-0.366816352,-0.366816352,-0.366816352,-0.366816352,-0.366816352,-0.366816352,-0.366816352,-0.366816352,-0.366816352,-0.366816352,-0.366816352,-0.366816352,-0.366816352,-0.366816352,-0.366816352,-0.366816352,-0.366816352,-0.366816352,-0.366816352,3.746512647,-0.366816352,-0.366816352,-0.366816352,1.128939648,2.400332247,-0.366816352,-0.366816352,0.879646981,2.849059047
_1202,-0.344036071,-0.344036071,-0.344036071,-0.344036071,-0.344036071,-0.344036071,-0.344036071,-0.344036071,-0.344036071,-0.344036071,-0.344036071,-0.344036071,-0.344036071,-0.344036071,-0.344036071,-0.344036071,-0.344036071,-0.344036071,-0.344036071,-0.344036071,-0.344036071,2.666279548,-0.344036071,-0.344036071,-0.344036071,3.504678855,-0.344036071,0.989480936,3.174600388,-0.344036071,-0.344036071,-0.344036071,-0.344036071,-0.013957604,-0.344036071
_6622,-0.337345049,-0.337345049,-0.337345049,-0.337345049,-0.337345049,-0.337345049,-0.337345049,-0.337345049,-0.337345049,-0.337345049,-0.337345049,-0.337345049,-0.337345049,-0.337345049,-0.337345049,-0.337345049,-0.337345049,-0.337345049,-0.337345049,-0.337345049,-0.337345049,1.980340379,-0.337345049,-0.337345049,-0.337345049,-0.337345049,-0.337345049,-0.337345049,0.391486847,2.796632102,-0.337345049,4.268872531,-0.337345049,-0.337345049,0.683019605
_3682,-0.311690467,-0.311690467,-0.311690467,-0.311690467,-0.311690467,-0.311690467,-0.311690467,-0.311690467,-0.311690467,-0.311690467,-0.311690467,-0.311690467,-0.311690467,-0.311690467,-0.311690467,-0.311690467,-0.311690467,5.092697156,-0.311690467,-0.311690467,-0.311690467,1.110516802,-0.311690467,-0.311690467,-0.311690467,-0.311690467,-0.311690467,0.524902044,-0.311690467,0.993393851,1.629204159,-0.311690467,-0.311690467,-0.311690467,-0.311690467
_2892,-0.365800123,-0.365800123,-0.365800123,-0.365800123,-0.365800123,-0.365800123,-0.365800123,-0.365800123,-0.365800123,-0.365800123,-0.365800123,-0.365800123,-0.365800123,-0.365800123,-0.365800123,-0.365800123,-0.365800123,0.296195963,3.354617885,-0.365800123,2.983900076,2.573462502,-0.365800123,1.765827276,-0.365800123,-0.365800123,-0.365800123,-0.365800123,-0.365800123,-0.365800123,-0.365800123,-0.365800123,-0.365800123,-0.365800123,-0.365800123
_6633,-0.338005378,-0.338005378,-0.338005378,-0.338005378,-0.338005378,-0.338005378,-0.338005378,-0.338005378,-0.338005378,-0.338005378,-0.338005378,-0.338005378,-0.338005378,-0.338005378,-0.338005378,-0.338005378,-0.338005378,-0.338005378,-0.338005378,-0.338005378,-0.338005378,-0.338005378,0.531861404,-0.338005378,-0.338005378,-0.338005378,1.314741507,1.610496213,4.689824621,1.993237597,-0.338005378,-0.338005378,-0.338005378,-0.338005378,-0.338005378
_1636,-0.008942832,-0.760614953,0.157041548,-0.760614953,-0.760614953,0.733244468,1.477802973,2.317209695,1.311818592,-0.760614953,1.54656793,0.507979952,-0.404934139,1.262023278,-0.760614953,-0.642054682,0.702418797,-0.760614953,-0.760614953,-0.760614953,-0.760614953,-0.760614953,-0.760614953,-0.760614953,1.793173295,-0.760614953,-0.760614953,-0.760614953,-0.760614953,1.304704976,-0.760614953,-0.760614953,1.001190681,-0.760614953,1.392439577
_903,-0.773819953,-0.662287907,-1.32404471,-0.450377021,-0.866763324,-0.695747521,0.754169069,-0.926247081,-1.138157967,-0.416917408,0.612895144,-1.32404471,-0.383457794,0.720709455,1.657578636,-0.312820832,-1.32404471,0.657507963,-0.684594316,1.389901727,-0.662287907,-0.636263763,-0.576780006,1.267216477,-1.32404471,-0.561909067,1.196579515,-0.476401165,1.427079075,1.460538689,1.516304712,0.531104978,1.300676091,1.278369682,-0.24961934
_2567,-1.168010856,0.666567929,0.915094611,0.390929244,-1.168010856,-1.168010856,-0.19649746,-0.942077508,0.806646604,-1.168010856,0.567157256,-0.55347215,-0.594140153,-0.264277465,-1.168010856,-1.168010856,-1.168010856,0.765978602,1.900164008,-0.521841481,0.38189191,-0.309464134,0.657530595,0.223738567,0.625899926,0.01136122,-1.168010856,1.836902671,0.499377251,1.190733296,0.47226525,-1.168010856,-1.168010856,1.082285289,2.067354686
_3090,0.178802792,-0.826450027,-0.4243489,-0.826450027,-0.826450027,-0.252019845,-0.826450027,-0.153090203,-0.826450027,-0.826450027,-0.826450027,-0.826450027,-0.826450027,0.067108034,-0.127559972,-0.073308233,0.335175452,0.169228955,2.527583981,-0.666886088,-0.826450027,0.887266683,-0.826450027,-0.826450027,-0.082882069,2.122291574,-0.826450027,1.36914978,-0.826450027,1.308515483,1.614878247,0.574521362,-0.826450027,1.330854435,1.691468938
_1509,-0.343219212,-0.343219212,-0.343219212,1.49358085,-0.343219212,2.889548898,-0.343219212,-0.343219212,-0.343219212,-0.343219212,-0.343219212,3.440588916,2.816076895,-0.343219212,-0.343219212,-0.343219212,-0.343219212,-0.343219212,-0.343219212,-0.343219212,-0.343219212,-0.343219212,-0.343219212,-0.343219212,-0.343219212,-0.343219212,-0.343219212,-0.343219212,-0.343219212,-0.343219212,-0.343219212,-0.343219212,-0.343219212,-0.343219212,-0.343219212
_6837,-0.244342051,0.424826321,-0.244342051,-0.244342051,-0.244342051,-0.244342051,0.866477446,-0.244342051,5.537272683,-0.244342051,-0.244342051,-0.244342051,-0.244342051,-0.244342051,-0.244342051,-0.244342051,0.746027139,-0.244342051,-0.244342051,-0.244342051,-0.244342051,-0.244342051,-0.244342051,-0.244342051,-0.244342051,-0.244342051,-0.244342051,-0.244342051,-0.244342051,-0.244342051,-0.244342051,-0.244342051,-0.244342051,-0.244342051,-0.244342051
_3915,3.821463287,-0.328335748,1.122642936,3.357150108,-0.328335748,-0.328335748,-0.328335748,-0.328335748,-0.328335748,-0.328335748,-0.328335748,-0.328335748,-0.328335748,-0.328335748,-0.328335748,-0.328335748,1.877151851,-0.328335748,-0.328335748,-0.328335748,-0.328335748,-0.328335748,-0.328335748,-0.328335748,-0.328335748,-0.328335748,-0.328335748,-0.328335748,-0.328335748,-0.328335748,-0.328335748,-0.328335748,-0.328335748,-0.328335748,-0.328335748
_6142,-0.777828769,2.485446232,1.304537323,2.034717641,1.034100168,0.249832419,0.673517295,-0.777828769,1.385668469,-0.777828769,-0.777828769,0.998041881,1.529901618,-0.777828769,-0.777828769,-0.777828769,0.835779588,-0.777828769,0.060526411,-0.777828769,0.412094712,-0.777828769,1.412712185,-0.777828769,-0.777828769,-0.777828769,-0.777828769,-0.777828769,-0.777828769,0.808735872,-0.777828769,-0.327100178,-0.777828769,-0.119765026,-0.777828769
_167,-0.455895134,-0.455895134,-0.455895134,-0.455895134,-0.455895134,-0.455895134,-0.455895134,-0.455895134,-0.455895134,-0.455895134,-0.2086635,-0.455895134,-0.455895134,-0.455895134,-0.455895134,-0.455895134,-0.455895134,1.986753417,2.362545502,2.115313867,2.253763582,2.1202585,-0.455895134,2.135092398,-0.455895134,-0.455895134,-0.455895134,-0.455895134,-0.455895134,-0.455895134,-0.455895134,-0.455895134,-0.455895134,-0.455895134,-0.455895134
