feature,mode,formula,score,mass,rt,CT_1,CT_2,CT_3,CT_4,CT_5,CT_6,CT_7,CT_8,CT_9,CT_10,CT_11,CT_12,CT_13,CT_14,CT_15,CT_16,CT_17,PE_1,PE_2,PE_3,PE_4,PE_5,PE_6,PE_7,PE_8,PE_9,PE_10,PE_11,PE_12,PE_13,PE_14,PE_15,PE_16,PE_17,PE_18,ct_n,pe_n,total_n,fold_change,wilcoxrank,n_degs,n_dems,n_dmgs,deg_score,dem_score,dmg_score,multiomics_score,feature_cluster,selection_tier,chem_name,chem_formula,schymanski
158,Esi+,C5H7N2OP,83.72,142.0324,0.39,20.17,19.01,9.14,9.64,20.15,14.73,19.00,12.65,16.30,17.26,15.22,13.13,9.14,14.29,20.53,15.97,20.14,19.41,20.08,19.13,20.57,20.76,9.14,18.64,19.83,19.97,20.05,20.09,19.38,20.22,13.34,20.72,19.68,19.38,16.26,15,17,32,3.53,2.81E-02,0,1,27,0.0000,0.0104,0.1055,0.1159,7,4,,,4
167,Esi+,C8H17NO,85.94,143.1309,4.97,10.05,10.05,10.05,10.05,10.05,10.05,10.05,10.05,10.05,10.05,10.55,10.05,10.05,10.05,10.05,10.05,10.05,14.99,15.75,15.25,15.53,15.26,10.05,15.29,10.05,10.05,10.05,10.05,10.05,10.05,10.05,10.05,10.05,10.05,10.05,1,6,7,4.72,4.30E-02,0,2,0,0.0000,0.0208,0.0000,0.0208,2,3,4-Butylmorpholine | Valpromide,C8H17NO,4
181,Esi+,C7H15NO2,87.77,145.1105,0.55,14.76,15.73,14.99,14.40,14.98,14.20,14.99,14.96,15.84,14.61,14.09,14.64,13.39,16.07,16.69,17.16,16.11,17.93,16.35,16.76,15.39,17.03,15.32,17.38,15.59,16.10,16.19,16.90,21.45,17.93,17.65,16.90,16.80,15.82,15.51,17,18,35,1.80,8.02E-04,0,42,105,0.0000,0.4375,0.4102,0.8477,7,2,Emylcamate,C7H15NO2,3
183,Esi+,C3H2N2O5,81.94,145.997,3.43,15.06,15.06,15.06,15.06,15.06,15.06,15.06,15.06,15.06,15.06,15.06,15.06,15.06,15.06,15.06,15.06,15.06,16.95,16.11,15.06,15.06,16.76,15.06,15.06,15.56,16.41,15.06,16.45,15.06,16.98,17.85,15.06,15.06,15.06,16.52,0,9,9,9.97,2.50E-03,16,26,10,0.0640,0.2708,0.0391,0.3739,4,2,"Carbonimidodithioic acid, cyano-, dimethyl ester",C4H6N2S2,1
207,Esi+,C10H15N,98.39,149.1205,3.25,15.42,15.42,15.42,15.42,15.42,15.42,15.42,15.42,15.42,15.42,15.42,15.42,15.42,15.42,15.42,15.42,15.42,15.92,15.42,15.42,15.42,18.60,15.42,15.42,15.42,15.42,15.42,15.42,16.54,18.61,15.42,17.30,15.42,15.42,16.19,0,6,6,9.97,1.59E-02,0,3,0,0.0000,0.0313,0.0000,0.0313,1,1,Phentermine,C10H15N,2
218,Esi+,C8H9NO2,99.72,151.0633,2.06,13.03,13.03,13.03,13.03,13.03,13.03,13.03,21.93,13.03,13.03,13.03,13.03,17.12,13.03,13.03,14.18,13.03,13.03,20.44,13.03,13.03,13.53,15.51,21.80,17.67,16.10,16.01,17.98,21.89,13.78,19.62,19.06,21.63,20.66,18.44,3,15,18,1.32,1.23E-03,26,57,18,0.1040,0.5938,0.0703,0.7681,7,1,Acetaminophen,C8H9NO2,1
240,Esi+,C8H14N2O,91.75,154.1106,2.96,13.66,13.66,13.66,13.66,13.66,13.66,13.66,13.66,13.66,13.66,13.66,13.66,13.66,13.66,13.66,13.66,13.66,14.23,15.67,14.45,14.91,15.18,13.66,14.16,13.66,13.66,13.66,13.66,13.66,13.66,13.66,13.66,13.66,13.66,13.66,0,6,6,9.97,1.59E-02,0,2,0,0.0000,0.0208,0.0000,0.0208,2,3,2-Butyl-5-hydroxymethylimidazole,C8H14N2O,4
269,Esi+,C8H17NO2,84.46,159.126,2.82,12.69,12.69,12.69,12.69,12.69,12.69,12.69,12.69,12.69,12.69,12.69,12.69,12.69,12.69,12.69,12.69,12.69,14.92,16.12,15.90,15.90,16.24,13.19,15.42,12.69,12.69,12.69,13.75,12.69,12.69,12.69,12.69,12.69,12.69,12.69,0,8,8,9.97,4.67E-03,0,15,18,0.0000,0.1563,0.0703,0.2266,2,3,Pregabalin,C8H17NO2,4
326,Esi+,C9H16N2O,87.66,168.1262,3.59,14.81,14.81,14.81,14.81,14.81,14.81,14.81,14.81,14.81,14.81,14.81,14.81,14.81,14.81,14.81,14.81,14.81,15.68,17.07,15.48,16.07,16.21,14.81,15.31,14.81,14.81,14.81,14.81,14.81,14.81,14.81,14.81,14.81,14.81,14.81,0,6,6,9.97,1.59E-02,0,2,0,0.0000,0.0208,0.0000,0.0208,2,3,"5-Isoxazolamine, 3-(1-ethyl-1-methylpropyl)-",C9H16N2O,3
340,Esi+,C9H17NO2,86.31,171.126,3.25,13.96,13.96,13.96,13.96,13.96,13.96,13.96,13.96,13.96,13.96,13.96,13.96,13.96,13.96,13.96,13.96,13.96,14.46,15.92,15.73,15.68,15.69,13.96,15.12,13.96,13.96,13.96,13.96,13.96,13.96,13.96,13.96,13.96,13.96,13.96,0,6,6,9.97,1.59E-02,0,6,0,0.0000,0.0625,0.0000,0.0625,2,2,Gabapentin,C9H17NO2,3
341,Esi+,C9H17NO2,99.01,171.126,3.47,9.52,9.52,11.06,9.52,10.02,9.52,9.52,14.01,9.52,10.68,9.52,9.52,9.52,9.52,12.81,9.52,13.91,17.66,19.77,18.41,18.69,19.43,15.22,17.59,14.70,9.52,12.13,15.82,9.52,14.54,15.29,13.23,9.52,12.67,11.50,6,15,21,3.10,8.72E-04,0,25,69,0.0000,0.2604,0.2695,0.5299,5,2,Gabapentin,C9H17NO2,3
359,Esi+,C10H11N3,81.14,173.0962,0.56,12.15,13.20,11.63,11.80,11.71,11.89,10.97,11.95,12.19,11.73,11.82,11.47,10.53,11.70,12.17,12.06,11.07,13.91,13.95,13.33,13.40,13.26,12.89,13.75,12.76,13.43,13.35,13.27,14.14,12.14,12.49,12.47,12.71,12.79,11.75,17,18,35,1.47,9.97E-05,0,31,130,0.0000,0.3229,0.5078,0.8307,7,4,,,4
409,Esi+,C7H11N5O,82.69,181.096,0.56,16.22,16.73,16.01,15.99,16.27,15.81,15.77,15.39,15.37,15.49,15.71,15.60,15.81,15.89,15.95,15.62,15.11,17.25,16.81,16.80,17.09,16.99,17.05,17.17,16.97,17.22,16.90,16.83,16.52,16.07,16.25,16.39,16.40,16.72,15.82,17,18,35,1.01,7.45E-05,0,17,70,0.0000,0.1771,0.2734,0.4505,5,3,,,4
423,Esi+,C10H18N2O,86.77,182.1418,4.15,12.89,12.89,12.89,12.89,12.89,12.89,12.89,12.89,12.89,12.89,12.89,12.89,12.89,12.89,12.89,12.89,12.89,13.39,14.43,13.48,13.75,14.00,12.89,13.40,12.89,12.89,12.89,12.89,12.89,12.89,12.89,12.89,12.89,12.89,12.89,0,6,6,9.97,1.59E-02,0,2,0,0.0000,0.0208,0.0000,0.0208,2,4,,,4
451,Esi+,C10H19NO2,85.66,185.1417,4.05,13.54,13.54,13.54,13.54,13.54,13.54,13.54,13.54,13.54,13.54,13.54,13.54,13.54,13.54,13.54,13.54,13.54,13.54,16.44,13.54,15.54,13.54,13.54,14.80,13.54,13.54,14.04,13.54,13.54,14.29,14.24,13.54,13.54,13.54,13.54,0,6,6,9.97,1.59E-02,0,0,0,0.0000,0.0000,0.0000,0.0000,2,3,2-(tert-Butylamino)ethyl 2-methylprop-2-enoate,C10H19NO2,4
468,Esi+,C9H17NO3,95.44,187.121,3.85,13.82,13.82,13.82,13.82,13.82,13.82,13.82,13.82,13.82,13.82,13.82,13.82,13.82,13.82,13.82,13.82,13.82,14.73,16.15,15.26,15.01,15.44,13.82,14.32,13.82,13.82,13.82,13.82,13.82,13.82,13.82,13.82,13.82,13.82,13.82,0,6,6,9.97,1.59E-02,0,6,0,0.0000,0.0625,0.0000,0.0625,2,2,"Pentanoic acid, 5-(dimethylamino)-2-methyl-5-oxo-, methyl ester",C9H17NO3,3
469,Esi+,C10H21NO2,87.1,187.1569,3.84,11.74,11.74,11.74,11.74,11.74,11.74,11.74,11.74,11.74,11.74,11.74,11.74,11.74,11.74,11.74,11.74,11.74,13.87,14.36,14.12,14.27,14.08,11.74,14.25,11.74,11.74,13.06,12.93,12.24,12.83,12.39,12.72,11.74,11.74,11.74,0,12,12,9.97,3.66E-04,0,16,36,0.0000,0.1667,0.1406,0.3073,2,3,,,4
533,Esi+,C10H17N3O,85.71,195.1373,0.56,11.65,12.86,11.42,11.46,12.39,11.28,10.56,11.20,10.42,9.41,10.99,9.91,10.44,11.30,11.01,11.97,11.41,13.23,13.26,12.93,13.23,13.07,13.20,13.01,13.17,13.32,13.10,13.04,9.41,12.16,13.97,12.60,12.58,12.97,10.84,16,17,33,1.78,3.62E-04,17,64,38,0.0680,0.6667,0.1484,0.8831,5,4,,,4
545,Esi+,C11H20N2O,96.38,196.1573,4.65,13.22,13.22,13.22,13.22,13.22,13.22,13.22,13.22,13.22,13.22,13.22,13.22,13.22,13.22,13.22,13.22,13.22,13.82,14.34,13.73,14.05,14.08,13.22,13.72,13.22,13.22,13.22,13.22,13.22,13.22,13.22,13.22,13.22,13.22,13.22,0,6,6,9.97,1.59E-02,0,2,0,0.0000,0.0208,0.0000,0.0208,2,4,,,4
568,Esi+,C11H21NO2,86.08,199.1551,4.59,12.02,9.67,9.67,9.67,9.67,9.67,9.67,9.67,9.67,9.67,10.42,9.67,9.67,9.67,10.17,11.89,11.44,9.67,16.39,15.42,15.89,16.03,14.31,15.11,13.45,9.67,14.63,15.03,14.31,15.00,14.94,14.45,9.67,9.67,9.67,5,13,18,3.56,1.65E-03,6,44,18,0.0240,0.4583,0.0703,0.5526,5,4,,,4
569,Esi+,C11H21NO2,84.59,199.1572,4.29,5.84,5.84,5.84,8.42,5.84,5.84,10.36,5.84,5.84,10.03,5.84,5.84,5.84,5.84,5.84,5.84,8.04,13.68,14.58,14.34,14.72,14.45,10.98,14.23,11.16,5.84,12.23,11.33,10.45,11.69,12.27,10.19,5.84,6.34,9.48,4,16,20,2.54,1.44E-04,0,26,124,0.0000,0.2708,0.4844,0.7552,5,4,,,4
590,Esi+,C11H23NO2,85.06,201.1729,4.30,11.11,11.11,11.11,11.11,11.61,11.11,11.11,11.11,11.11,11.11,11.11,11.11,11.11,11.11,11.11,12.15,11.11,15.02,15.48,15.07,15.59,15.06,12.62,15.47,13.22,11.11,13.41,13.16,13.11,13.47,13.30,12.93,11.11,11.11,11.11,2,14,16,1.54,2.28E-04,0,10,32,0.0000,0.1042,0.1250,0.2292,5,3,,,4
605,Esi+,C9H17NO4,98.42,203.1166,0.57,17.24,17.82,17.39,17.39,18.01,17.12,17.36,17.33,18.26,17.41,17.32,17.14,16.19,17.46,18.07,19.01,17.62,19.40,19.04,19.23,18.74,18.78,17.31,19.19,18.14,17.97,18.26,18.79,19.42,18.18,18.16,18.91,18.81,17.81,18.60,17,18,35,1.37,4.59E-04,0,43,115,0.0000,0.4479,0.4492,0.8971,7,1,Acetyl-L-carnitine,C9H17NO4,1
607,Esi+,C6H5F5O2,86.99,204.0215,0.68,12.44,12.44,12.94,14.38,12.44,13.55,15.15,13.24,14.22,13.40,14.36,12.44,12.44,12.44,15.81,12.44,14.15,15.40,15.16,16.61,12.44,14.64,12.44,16.01,12.44,12.44,15.66,13.68,16.18,15.84,15.74,12.44,15.48,14.82,15.24,10,13,23,1.30,2.62E-02,0,14,12,0.0000,0.1458,0.0469,0.1927,7,4,,,4
660,Esi+,C11H17N2O2,98.54,209.1275,0.56,13.66,14.09,13.17,13.14,13.99,13.01,13.16,13.12,13.27,12.89,13.05,12.84,11.86,12.61,13.62,12.71,12.86,15.02,14.79,14.97,14.83,14.77,14.36,14.85,14.42,15.00,14.50,14.36,14.50,13.80,13.85,14.03,13.85,14.03,13.36,17,18,35,1.34,5.05E-05,0,29,204,0.0000,0.3021,0.7969,1.0990,7,3,Minoxidil,C9H15N5O,4
687,Esi+,C12H21NO2,87.19,211.1573,3.48,12.31,12.31,12.31,12.31,12.31,12.31,12.31,12.31,12.31,12.31,12.31,12.31,12.31,12.31,12.31,12.31,12.31,12.98,13.17,12.31,13.46,12.81,15.26,12.83,13.65,12.31,15.62,15.27,15.34,15.67,14.65,15.30,12.31,12.31,12.31,0,13,13,9.97,1.89E-04,0,50,24,0.0000,0.5208,0.0938,0.6146,6,4,,,4
711,Esi+,C12H23NO2,87.3,213.1728,4.78,11.71,11.71,11.71,11.71,11.71,11.71,12.64,11.71,11.71,12.21,11.71,11.71,11.71,11.71,11.71,11.71,12.29,14.79,15.37,14.87,15.22,14.83,12.85,15.03,13.28,11.71,13.48,13.02,12.61,13.19,13.15,12.80,11.71,11.71,11.71,3,14,17,1.09,3.65E-04,0,16,65,0.0000,0.1667,0.2539,0.4206,5,4,,,4
713,Esi+,C12H23NO2,87.04,213.1729,5.11,13.89,10.58,11.08,11.15,10.58,13.14,13.11,14.79,10.58,13.37,12.39,11.82,14.73,10.58,12.87,14.90,15.19,16.25,16.68,16.40,16.97,16.65,17.11,16.37,16.37,12.99,17.49,17.71,17.10,17.68,17.13,17.60,13.15,10.58,11.47,13,17,30,3.53,7.20E-04,37,74,41,0.1480,0.7708,0.1602,1.0790,5,3,,,4
740,Esi+,C11H21NO3,99.34,215.1522,4.23,10.82,9.93,11.22,10.34,11.63,11.12,12.14,11.43,7.83,12.17,7.22,6.72,10.43,12.18,11.23,12.45,10.69,16.45,17.24,15.92,16.85,16.48,14.52,16.40,14.88,6.72,15.14,15.20,14.78,15.11,15.33,14.62,11.40,6.72,11.93,16,16,32,4.00,9.61E-04,0,20,69,0.0000,0.2083,0.2695,0.4779,5,2,Hexaminolevulinate,C11H21NO3,1
744,Esi+,C12H25NO2,99.92,215.1885,4.74,12.44,10.18,12.22,10.99,12.64,12.36,13.18,13.51,10.78,12.96,13.06,10.50,11.98,12.87,13.22,13.67,13.42,16.21,16.80,16.00,16.53,16.41,17.14,16.29,17.24,12.32,18.01,18.00,17.63,17.77,17.21,17.39,12.76,10.83,13.29,17,18,35,4.03,5.04E-04,15,46,40,0.0600,0.4792,0.1563,0.6954,5,2,12-Aminododecanoic acid,C12H25NO2,1
752,Esi+,C10H19NO2S,98.01,217.1137,4.19,13.13,13.20,14.38,12.82,12.72,12.29,13.16,12.44,12.94,12.28,12.71,13.64,12.34,12.59,13.14,12.53,12.90,14.59,15.68,14.73,14.56,14.34,13.63,14.91,12.91,12.35,14.43,13.67,14.54,14.23,12.86,13.67,13.66,13.05,13.02,17,18,35,1.15,1.52E-03,0,25,122,0.0000,0.2604,0.4766,0.7370,5,3,3-(Triethoxysilyl)propionitrile,C9H19NO3Si,4
775,Esi+,C11H26N2O2,84.06,218.1996,0.64,16.86,16.03,16.85,16.67,14.66,15.30,15.70,12.17,15.75,16.05,16.84,16.49,16.70,15.77,15.41,14.11,16.46,14.77,16.22,14.45,15.03,12.06,14.73,13.71,16.55,14.85,9.72,13.63,13.94,11.20,13.99,15.52,13.75,16.27,10.22,17,17,34,-1.58,3.10E-03,2,9,18,0.0080,0.0938,0.0703,0.1721,8,2,"Cyclohexanemethanamine, 1,3,3-trimethyl-N-(2-methylpropylidene)-5-[(2-methylpropylidene)amino]- | 3,3'-((2,2-Dimethylpropane-1,3-diyl)bis(oxy))bispropylamine",C11H26N2O2,3
796,Esi+,C10H24N2O3,99.39,220.1786,0.48,16.18,17.11,15.69,15.95,16.75,15.69,16.56,15.70,16.78,14.82,14.92,15.22,14.38,15.29,16.46,17.15,17.55,16.92,18.31,18.73,17.03,17.68,16.61,17.76,14.51,17.07,16.04,17.72,19.58,17.87,16.73,17.04,17.24,16.34,16.41,17,18,35,1.11,4.77E-03,0,46,117,0.0000,0.4792,0.4570,0.9362,7,2,"3,3'-[Oxybis(ethane-2,1-diyloxy)]dipropan-1-amine",C10H24N2O3,1
856,Esi+,C12H21NO3,83.53,227.1522,4.10,12.08,12.08,12.08,12.08,12.08,12.08,12.08,12.08,12.08,12.08,12.08,12.08,12.08,12.08,12.08,12.08,12.08,14.69,15.03,14.50,15.07,14.67,12.58,14.96,13.06,12.08,13.16,12.79,12.68,13.55,13.65,12.81,12.08,12.08,12.08,0,14,14,9.97,9.68E-05,0,26,44,0.0000,0.2708,0.1719,0.4427,2,3,"2-Butenoic acid, 4-[(2-ethylhexyl)amino]-4-oxo-, (2Z)-, compd. with 2,2',2''-nitrilotris[ethanol...",C12H21NO3,4
858,Esi+,C13H25NO2,85.23,227.1885,5.24,11.80,11.80,11.80,11.80,11.80,11.80,11.80,11.80,11.80,11.80,11.80,11.80,11.80,11.80,11.80,11.80,11.80,15.15,15.68,14.87,15.67,15.08,11.80,15.44,12.30,11.80,12.35,11.80,11.80,11.80,12.45,11.80,11.80,11.80,11.80,0,9,9,9.97,2.50E-03,0,11,25,0.0000,0.1146,0.0977,0.2122,2,2,Undecylenamide MEA,C13H25NO2,3
859,Esi+,C13H25NO2,98.6,227.1886,5.50,14.56,11.96,14.38,14.37,14.34,14.40,14.33,16.34,13.52,15.21,14.07,14.22,14.49,15.29,14.29,14.77,16.46,11.46,16.75,16.53,16.92,16.48,18.00,15.80,17.70,14.72,18.32,18.31,18.07,18.41,18.02,18.24,14.53,13.57,14.55,17,17,34,2.54,1.99E-03,69,74,27,0.2760,0.7708,0.1055,1.1523,6,2,"Cyprodenate [INN:DCF] | 10-Undecenamide, N-(2-hydroxyethyl)-",C13H25NO2,3
881,Esi+,C11H20N2O3,84.89,228.1477,0.61,14.12,14.36,14.72,14.28,14.19,14.00,15.20,13.72,14.92,14.02,13.68,13.25,14.07,13.37,14.89,14.64,14.34,15.06,16.53,16.02,14.50,14.73,14.87,16.89,14.28,14.14,15.60,15.59,16.08,14.91,14.37,15.44,16.58,14.16,16.17,17,18,35,1.08,1.06E-03,0,80,193,0.0000,0.8333,0.7539,1.5872,7,4,,,4
885,Esi+,C12H23NO3,99.37,229.1678,4.65,12.45,5.73,5.73,7.48,5.73,13.19,12.74,12.89,11.49,12.78,6.23,5.73,9.62,12.41,12.20,13.62,9.89,18.33,19.07,17.90,18.82,18.30,16.17,18.43,16.85,10.57,16.90,16.78,17.11,17.03,17.14,16.59,9.37,5.73,12.24,13,17,30,4.61,8.67E-04,0,16,63,0.0000,0.1667,0.2461,0.4128,5,2,Icaridin,C12H23NO3,1
892,Esi+,C14H31NO,99.58,229.2405,5.96,15.12,15.12,16.16,15.12,15.12,15.12,15.12,16.56,15.12,15.12,15.12,15.12,15.12,15.12,15.12,15.12,15.12,15.12,15.12,15.12,18.83,16.71,17.97,17.62,17.58,15.62,18.35,15.12,15.12,16.62,15.12,15.12,15.12,15.12,15.12,2,8,10,1.22,2.79E-02,0,6,4,0.0000,0.0625,0.0156,0.0781,5,2,"N,N-Dimethyldodecylamine-N-oxide",C14H31NO,1
903,Esi+,C11H22N2O3,99.83,230.1631,2.58,13.90,14.20,12.42,14.77,13.65,14.11,18.01,13.49,12.92,14.86,17.63,12.42,14.95,17.92,20.44,15.14,12.42,17.75,14.14,19.72,14.20,14.27,14.43,19.39,12.42,14.47,19.20,14.70,19.82,19.91,20.06,17.41,19.48,19.42,15.31,14,17,31,2.94,3.13E-02,82,61,50,0.3280,0.6354,0.1953,1.1587,7,1,VAL-LEU,C11H22N2O3,2
908,Esi+,C11H21NO2S,96.94,231.1294,4.68,14.10,14.22,15.08,13.93,13.82,13.64,13.90,13.63,13.82,13.84,13.97,14.27,13.46,13.55,13.95,13.87,13.82,16.22,16.88,16.06,16.08,15.82,16.06,16.45,15.20,13.43,16.83,16.12,16.42,16.54,15.06,15.94,14.56,14.13,13.84,17,18,35,2.19,3.15E-04,0,17,42,0.0000,0.1771,0.1641,0.3411,5,3,,,4
914,Esi+,C12H25NO3,85.86,231.1834,3.38,12.42,12.42,12.42,12.42,12.42,12.42,12.42,12.42,12.42,12.42,12.42,12.42,12.42,12.42,12.42,12.42,12.42,13.07,13.40,12.42,12.42,12.92,13.74,12.42,14.78,12.42,14.59,15.70,14.31,15.57,14.79,14.21,12.42,12.42,12.42,0,11,11,9.97,7.01E-04,0,41,15,0.0000,0.4271,0.0586,0.4857,6,4,,,4
950,Esi+,C8H13NO7,85.37,235.0697,1.67,13.77,13.77,13.77,13.77,13.77,13.77,13.77,13.77,13.77,13.77,13.77,13.77,13.77,13.77,13.77,13.77,13.77,13.77,13.77,14.73,13.77,14.84,14.41,13.77,13.77,13.77,14.81,14.47,13.77,13.77,14.42,14.27,13.77,13.77,13.77,0,7,7,9.97,8.65E-03,1,57,0,0.0040,0.5938,0.0000,0.5978,6,3,,,4
1022,Esi+,C16H19NO,86.45,241.1466,4.36,11.99,11.99,11.99,11.99,11.99,11.99,11.99,11.99,11.99,11.99,11.99,11.99,11.99,11.99,11.99,11.99,11.99,11.99,11.99,11.99,11.99,16.08,11.99,11.99,11.99,16.48,11.99,13.55,16.06,11.99,11.99,11.99,11.99,12.49,11.99,0,5,5,9.97,2.92E-02,0,3,0,0.0000,0.0313,0.0000,0.0313,1,1,Desmethyldiphenhydramine,C16H19NO,1
1024,Esi+,C13H23NO3,86.01,241.1678,4.57,6.02,6.02,6.02,6.02,6.02,6.52,6.02,6.02,6.02,6.02,7.88,6.02,6.02,6.02,6.02,6.02,6.02,14.98,15.69,14.80,15.44,14.97,13.15,15.24,13.83,6.02,14.30,13.69,13.33,13.90,14.37,13.51,6.02,6.02,8.77,2,15,17,6.94,1.01E-04,0,25,55,0.0000,0.2604,0.2148,0.4753,5,3,,,4
1025,Esi+,C14H27NO2,87.06,241.204,5.67,11.59,11.59,11.59,12.09,11.59,11.59,11.59,11.59,11.59,12.11,11.59,11.59,11.59,11.59,11.59,11.59,11.59,14.83,15.61,14.49,15.40,14.82,12.50,15.20,12.78,11.59,12.84,12.98,12.62,13.11,13.44,12.56,11.59,11.59,11.59,2,14,16,1.19,2.28E-04,0,20,37,0.0000,0.2083,0.1445,0.3529,2,4,,,4
1038,Esi+,C19H14,80.93,242.1092,3.15,12.39,12.39,12.39,12.39,12.39,12.39,12.39,12.39,12.39,12.39,12.39,12.39,12.39,12.39,12.39,12.39,12.39,12.89,13.40,13.17,13.19,12.94,12.39,13.45,12.39,12.39,12.39,12.39,12.39,12.39,12.39,12.39,12.39,12.39,12.39,0,6,6,9.97,1.59E-02,0,1,0,0.0000,0.0104,0.0000,0.0104,2,3,Thiopental,C11H18N2O2S,4
1056,Esi+,C13H25NO3,86.48,243.1834,5.80,12.07,12.07,12.07,12.07,12.07,12.07,12.07,12.07,12.07,12.07,12.07,12.07,12.07,12.07,12.07,12.07,12.07,13.49,14.47,12.57,13.63,13.56,14.18,13.56,14.97,12.07,15.31,15.13,14.60,14.83,14.47,14.38,12.07,12.07,12.07,0,14,14,9.97,9.68E-05,0,49,29,0.0000,0.5104,0.1133,0.6237,6,4,,,4
1057,Esi+,C13H25NO3,86.79,243.1835,4.46,12.54,12.54,12.54,12.54,12.54,12.54,12.54,12.54,12.54,12.54,12.54,12.54,12.54,12.54,12.54,12.54,12.54,13.04,13.51,13.18,13.45,13.06,12.54,13.05,12.54,12.54,12.54,12.54,12.54,12.54,12.54,12.54,12.54,12.54,12.54,0,6,6,9.97,1.59E-02,0,1,0,0.0000,0.0104,0.0000,0.0104,2,4,,,4
1059,Esi+,C13H25NO3,99.78,243.1836,5.06,11.24,9.28,9.28,9.78,14.03,10.94,15.02,14.78,12.33,15.73,9.28,9.28,9.28,15.72,15.36,15.55,11.55,18.57,19.42,18.05,18.91,18.67,19.45,18.39,19.46,13.85,20.03,20.10,19.56,19.76,19.33,19.31,14.01,9.28,15.01,12,17,29,4.85,3.87E-04,0,37,47,0.0000,0.3854,0.1836,0.5690,5,3,,,4
1064,Esi+,C14H29NO2,85.48,243.2198,5.57,11.57,11.57,11.57,11.57,11.57,11.57,11.57,11.57,11.57,11.57,11.57,11.57,11.57,11.57,11.57,11.57,11.57,12.22,11.57,11.57,12.07,11.57,12.58,11.57,12.56,11.57,13.23,13.29,12.99,12.89,12.74,12.44,11.57,11.57,11.57,0,10,10,9.97,1.33E-03,0,38,21,0.0000,0.3958,0.0820,0.4779,6,3,,,4
1092,Esi+,C11H23NO3Si,82.27,245.1459,5.15,15.07,14.76,16.16,12.02,12.02,14.28,14.89,12.02,14.57,14.21,12.02,15.19,12.02,13.69,14.16,13.28,12.02,18.44,19.00,18.40,18.40,18.04,18.04,18.78,16.82,12.52,18.87,18.14,18.55,18.46,16.90,17.81,15.63,15.36,13.17,11,18,29,3.52,1.57E-04,0,23,35,0.0000,0.2396,0.1367,0.3763,5,3,,,4
1111,Esi+,C11H21NO5,97.85,247.1418,0.61,15.28,15.23,15.16,15.09,16.42,14.85,16.04,14.90,16.04,14.44,15.85,15.20,13.79,16.29,16.46,16.80,15.56,17.08,16.25,17.74,16.81,16.11,15.00,18.47,16.37,15.98,17.70,15.63,17.70,17.05,16.36,16.05,18.11,16.16,16.25,17,18,35,1.09,2.17E-03,0,53,171,0.0000,0.5521,0.6680,1.2201,7,3,,,4
1125,Esi+,C9H20N4O4,86.68,248.1478,0.49,12.85,13.07,11.45,13.02,12.18,12.34,12.63,12.04,12.46,11.45,11.45,11.45,11.45,11.45,12.43,12.85,14.17,12.45,14.34,14.50,13.65,13.68,13.95,13.70,11.45,13.80,11.95,13.83,17.40,13.64,13.22,12.96,13.44,12.29,13.30,11,17,28,1.02,2.51E-03,40,40,91,0.1600,0.4167,0.3555,0.9321,7,4,,,4
1146,Esi+,C12H14N2O4,92.2,250.0952,3.38,12.00,12.00,12.00,12.00,12.00,12.00,12.00,12.00,12.00,12.00,12.00,12.00,12.00,12.00,12.00,12.00,12.00,12.73,12.50,12.00,12.00,12.00,14.07,12.00,13.41,12.00,12.00,12.58,14.49,13.54,12.00,12.60,12.00,14.73,12.62,0,10,10,9.97,1.33E-03,0,16,21,0.0000,0.1667,0.0820,0.2487,1,4,,,4
1193,Esi+,C14H26N2O2,81.41,254.1993,5.36,12.03,12.03,12.03,12.03,12.03,12.03,12.03,12.03,12.03,12.03,12.03,12.03,12.03,12.03,12.03,12.03,12.03,12.03,12.03,12.03,12.03,12.03,13.42,12.03,12.03,12.03,13.41,14.55,13.41,13.70,12.53,13.99,12.03,12.03,12.03,0,7,7,9.97,8.65E-03,0,45,0,0.0000,0.4688,0.0000,0.4688,6,3,,,4
1202,Esi+,C17H21NO,99.43,255.1624,4.46,12.63,12.63,12.63,12.63,12.63,12.63,12.63,12.63,12.63,12.63,12.63,12.63,12.63,12.63,12.63,12.63,12.63,12.63,12.63,12.63,12.63,17.19,12.63,12.63,12.63,18.46,12.63,14.65,17.96,12.63,12.63,12.63,12.63,13.13,12.63,0,5,5,9.97,2.92E-02,0,3,0,0.0000,0.0313,0.0000,0.0313,1,1,Diphenhydramine,C17H21NO,1
1205,Esi+,C14H25NO3,86.42,255.1834,5.31,13.31,13.31,13.31,13.31,13.31,13.31,13.31,13.31,13.31,13.31,13.31,13.31,13.31,13.31,13.31,13.31,13.31,13.92,14.86,13.81,14.56,14.20,13.31,14.26,13.31,13.31,13.31,13.31,13.31,13.31,13.31,13.31,13.31,13.31,13.31,0,6,6,9.97,1.59E-02,0,2,0,0.0000,0.0208,0.0000,0.0208,2,4,,,4
1255,Esi+,C13H25NO2S,97.78,259.1607,5.58,12.51,12.51,13.01,12.51,12.51,12.51,12.51,12.51,12.51,12.51,12.51,12.51,12.51,12.51,12.51,12.51,12.51,15.37,15.53,15.16,15.07,14.52,15.02,15.54,14.30,12.51,15.74,14.17,16.30,15.50,14.44,15.12,12.51,12.51,12.51,1,14,15,2.14,1.52E-04,0,30,57,0.0000,0.3125,0.2227,0.5352,5,4,,,4
1344,Esi+,C16H12FN2O,73.44,267.0972,0.56,17.40,17.25,17.56,15.47,16.03,16.01,15.75,15.95,16.17,15.54,15.41,14.60,13.69,18.95,13.19,15.40,16.10,18.61,19.14,18.08,18.92,18.40,18.79,18.02,19.52,18.49,18.25,18.69,18.46,17.31,15.60,17.83,17.15,16.18,16.85,17,18,35,2.38,5.04E-04,0,20,62,0.0000,0.2083,0.2422,0.4505,5,1,Adenosine,C10H13N5O4,1
1353,Esi+,C15H25NO3,86.47,267.1833,5.28,12.48,12.48,12.48,12.48,12.48,12.48,12.48,12.48,12.48,12.48,12.48,12.48,12.48,12.48,12.48,12.48,12.48,12.98,14.00,13.05,13.82,13.26,12.48,13.33,12.48,12.48,12.48,12.48,12.48,12.48,12.48,12.48,12.48,12.48,12.48,0,6,6,9.97,1.59E-02,0,1,0,0.0000,0.0104,0.0000,0.0104,2,3,Metoprolol,C15H25NO3,4
1378,Esi+,C10H23NO7,99.79,269.1474,2.42,12.54,3.89,3.89,7.23,3.89,3.89,11.78,12.09,13.01,4.39,3.89,3.89,3.89,11.89,3.89,12.81,13.12,11.18,18.97,3.89,11.34,14.30,3.89,3.89,12.61,18.09,3.89,14.91,12.18,15.52,16.37,14.44,10.82,15.47,16.85,9,14,23,2.61,1.99E-02,0,59,45,0.0000,0.6146,0.1758,0.7904,3,3,,,4
1421,Esi+,C15H29NO3,86.52,271.2148,5.83,12.83,12.83,12.83,12.83,12.83,12.83,12.83,12.83,12.83,12.83,12.83,12.83,12.83,12.83,12.83,12.83,12.83,13.36,12.83,13.33,14.29,13.49,14.96,13.39,12.83,12.83,15.39,15.76,14.94,15.12,14.67,12.83,12.83,12.83,12.83,0,11,11,9.97,7.01E-04,0,40,13,0.0000,0.4167,0.0508,0.4674,6,2,Sodium [dodecanoyl(methyl)amino]acetate,C15H29NO3,1
1457,Esi+,C12H22N2O3S,97.75,274.1357,2.86,13.27,13.27,13.27,13.27,13.27,13.27,13.27,13.27,13.27,13.27,13.27,13.27,13.27,13.27,13.27,13.27,13.27,13.82,16.29,15.08,13.94,14.85,13.27,13.77,13.27,13.27,13.27,13.27,13.27,13.27,13.27,13.27,13.27,13.27,13.27,0,6,6,9.97,1.59E-02,0,7,0,0.0000,0.0729,0.0000,0.0729,2,4,,,4
1463,Esi+,C12H21NO4S,94.09,275.1194,3.38,12.94,12.94,12.94,12.94,12.94,12.94,12.94,12.94,12.94,12.94,12.94,12.94,12.94,12.94,12.94,12.94,12.94,15.06,14.79,13.64,13.51,14.01,13.57,13.81,13.91,12.94,14.19,13.61,14.06,14.29,14.02,13.44,12.94,12.94,12.94,0,14,14,9.97,9.68E-05,0,20,15,0.0000,0.2083,0.0586,0.2669,5,4,,,4
1468,Esi+,C13H25NO5,96.64,275.1732,2.37,14.77,15.12,14.52,15.17,14.04,14.50,15.12,14.27,15.70,14.68,14.54,14.78,14.14,14.04,15.21,15.48,15.13,16.46,15.94,16.58,15.76,15.22,14.89,17.22,15.59,15.68,15.70,15.85,16.46,15.68,16.65,16.14,17.07,14.93,15.94,17,18,35,1.13,1.10E-04,37,96,206,0.1480,1.0000,0.8047,1.9527,7,3,,,4
1470,Esi+,C13H25NO5,93.94,275.1733,2.51,12.97,13.86,13.87,14.45,13.56,13.03,14.53,13.30,14.51,13.73,13.70,13.84,12.47,13.35,14.53,13.81,14.54,15.53,14.09,15.35,14.89,13.86,13.50,16.37,14.60,14.66,15.34,14.87,16.29,14.30,15.43,14.01,16.29,14.39,15.30,16,18,34,1.05,6.66E-04,0,59,196,0.0000,0.6146,0.7656,1.3802,7,3,,,4
1509,Esi+,C17H26O3,82.48,278.1881,6.92,12.00,12.00,12.00,12.50,12.00,12.88,12.00,12.00,12.00,12.00,12.00,13.03,12.86,12.00,12.00,12.00,12.00,12.00,12.00,12.00,12.00,12.00,12.00,12.00,12.00,12.00,12.00,12.00,12.00,12.00,12.00,12.00,12.00,12.00,12.00,4,0,4,-9.97,4.13E-02,0,0,0,0.0000,0.0000,0.0000,0.0000,8,3,,,4
1512,Esi+,C18H34N2,86.09,278.2721,6.76,10.62,13.79,10.62,12.07,13.28,13.33,10.62,12.63,11.12,10.62,12.10,12.45,13.81,14.00,10.62,13.81,12.28,10.62,10.62,10.62,10.62,10.62,10.62,10.62,10.62,11.46,10.62,10.62,10.62,10.62,10.62,10.62,13.79,11.56,10.62,12,3,15,-1.43,2.56E-03,0,13,49,0.0000,0.1354,0.1914,0.3268,8,3,,,4
1547,Esi+,C12H27NO6,86.08,281.1837,3.05,14.05,14.41,12.43,14.65,9.88,14.36,9.38,12.60,12.67,11.95,9.38,9.38,12.60,9.38,9.38,13.32,10.65,14.40,10.46,9.38,13.93,13.29,15.21,9.38,13.68,14.42,15.59,13.22,13.91,14.80,10.35,14.49,15.06,14.05,15.34,12,16,28,1.61,2.36E-02,0,20,24,0.0000,0.2083,0.0938,0.3021,1,3,,,4
1550,Esi+,C16H27NO3,85.74,281.1988,5.68,12.08,12.08,12.08,12.08,12.08,12.08,12.08,12.08,12.08,12.08,12.08,12.08,12.08,12.08,12.08,12.08,12.08,12.86,13.59,12.58,13.21,13.34,12.08,13.03,12.08,12.08,12.08,12.08,12.08,12.08,12.08,12.08,12.08,12.08,12.08,0,6,6,9.97,1.59E-02,0,2,0,0.0000,0.0208,0.0000,0.0208,2,4,,,4
1622,Esi+,C15H27NO4,98.48,285.1939,4.09,16.60,15.09,16.04,17.24,16.17,15.43,16.81,15.65,16.21,15.34,15.61,15.82,14.04,14.37,14.64,17.07,15.14,15.78,16.80,16.90,16.92,16.15,15.97,17.36,18.00,17.91,17.72,15.69,16.25,15.21,15.08,17.07,17.03,14.95,17.89,17,18,35,1.20,2.81E-02,0,4,13,0.0000,0.0417,0.0508,0.0924,7,3,,,4
1630,Esi+,C16H31NO3,98.5,285.2302,7.48,7.14,7.14,7.14,7.14,7.14,7.14,7.14,7.14,7.14,7.14,7.14,7.14,7.14,7.14,7.14,7.14,7.14,15.74,15.18,14.85,15.04,15.27,7.14,15.75,7.64,7.14,7.14,7.14,11.04,11.06,7.79,12.73,7.14,7.14,7.14,0,11,11,9.97,7.01E-04,0,21,44,0.0000,0.2188,0.1719,0.3906,2,3,,,4
1636,Esi+,C17H35NO2,84.08,285.2668,6.39,4.25,1.08,4.95,1.08,1.08,7.38,10.52,14.06,9.82,1.08,10.81,6.43,2.58,9.61,1.08,1.58,7.25,1.08,1.08,1.08,1.08,1.08,1.08,1.08,11.85,1.08,1.08,1.08,1.08,9.79,1.08,1.08,8.51,1.08,10.16,12,4,16,2.67,3.10E-02,0,5,4,0.0000,0.0521,0.0156,0.0677,8,3,,,4
1659,Esi+,C15H29NO4,83.58,287.2096,4.48,13.17,12.02,12.02,12.02,12.02,12.02,12.02,12.02,14.66,12.02,12.52,12.79,12.02,12.02,12.02,15.07,12.02,12.02,12.02,12.02,12.02,12.02,12.02,12.02,12.02,12.02,12.02,12.02,12.02,12.02,12.02,12.02,12.02,12.02,12.02,5,0,5,-9.97,2.14E-02,0,0,0,0.0000,0.0000,0.0000,0.0000,8,2,,,4
1678,Esi+,C15H32N2O3,80.96,288.2415,5.06,11.80,11.80,11.80,11.80,11.80,11.80,11.80,11.80,11.80,11.80,11.80,11.80,11.80,11.80,11.80,11.80,11.80,12.43,12.61,11.80,12.31,12.30,12.87,11.80,12.96,11.80,13.15,13.60,13.02,13.32,12.55,12.69,11.80,11.80,11.80,0,12,12,9.97,3.66E-04,0,25,9,0.0000,0.2604,0.0352,0.2956,6,4,,,4
1726,Esi+,C16H28N4O,84.66,292.2265,3.19,11.82,11.82,11.82,11.82,11.82,11.82,11.82,11.82,11.82,11.82,11.82,11.82,11.82,11.82,11.82,11.82,11.82,13.17,12.32,11.82,11.82,11.82,11.82,11.82,13.94,11.82,15.11,11.82,11.82,11.82,13.61,11.82,11.82,11.82,11.82,0,5,5,9.97,2.92E-02,0,0,0,0.0000,0.0000,0.0000,0.0000,6,4,,,4
1729,Esi+,C18H19N3O,99.65,293.153,3.76,11.91,11.91,11.91,11.91,11.91,11.91,11.91,11.91,11.91,11.91,11.91,11.91,16.20,11.91,11.91,11.91,12.41,17.49,11.91,11.91,11.91,17.91,12.88,11.91,17.52,11.91,11.91,19.41,11.91,11.91,18.70,11.91,11.91,17.26,18.71,2,8,10,2.43,2.54E-02,68,10,1,0.2720,0.1042,0.0039,0.3801,4,1,Ondansetron,C18H19N3O,1
1760,Esi+,C18H33NO2,84.37,295.2522,7.14,13.32,12.67,12.67,12.67,12.67,12.67,12.67,13.47,12.67,12.67,12.67,12.67,12.67,12.67,12.67,12.67,12.67,13.59,14.01,15.75,15.00,15.62,12.67,15.48,13.17,13.53,12.67,12.67,12.67,12.67,12.67,12.67,14.55,12.67,12.67,2,9,11,1.16,1.35E-02,0,31,38,0.0000,0.3229,0.1484,0.4714,2,4,,,4
1881,Esi+,C15H29NO5,99.43,303.2046,3.61,14.32,14.46,14.76,15.33,14.70,14.68,15.26,14.21,15.29,14.72,14.62,15.14,13.59,13.84,14.13,15.51,15.07,15.89,15.73,15.20,15.49,15.58,14.97,16.58,15.20,15.73,15.88,16.35,16.32,15.11,16.16,15.53,16.31,14.28,15.95,17,18,35,1.03,3.80E-04,0,51,117,0.0000,0.5313,0.4570,0.9883,7,3,,,4
1882,Esi+,C15H29NO5,85.94,303.2047,3.67,13.01,13.17,13.14,13.88,13.12,13.18,13.80,13.24,11.62,13.36,13.21,13.43,12.59,12.12,13.66,13.99,13.82,14.64,14.25,14.30,14.05,13.96,13.59,15.66,13.79,14.50,14.86,11.62,15.18,13.92,14.96,14.45,15.53,13.38,14.76,16,17,33,1.22,3.98E-04,109,75,111,0.4360,0.7813,0.4336,1.6508,7,3,,,4
1890,Esi+,C21H37N,98.97,303.2925,6.68,15.01,15.77,15.19,15.59,14.02,14.94,14.93,15.17,13.98,13.61,14.31,13.13,13.46,12.55,13.73,16.10,12.65,15.55,15.63,16.35,13.86,14.90,15.38,15.62,16.53,14.52,17.18,13.86,14.80,15.38,16.10,15.51,15.31,15.69,16.56,17,18,35,1.22,7.92E-03,0,12,16,0.0000,0.1250,0.0625,0.1875,7,1,"N-Benzyl-N,N-dimethyldodecan-1-aminium",C21H38N,1
1915,Esi+,C15H14O3S2,82.92,306.0367,0.76,15.59,16.37,16.87,15.78,16.56,15.63,16.07,15.72,16.86,15.26,14.74,14.09,13.03,14.87,16.18,17.26,17.04,16.63,17.67,17.10,16.75,16.79,16.39,17.68,15.48,16.52,16.75,17.09,16.91,17.16,16.40,16.92,17.12,15.29,16.78,17,18,35,1.00,7.92E-03,0,37,44,0.0000,0.3854,0.1719,0.5573,7,3,,,4
2157,Esi+,C20H37NO2,84.85,323.2824,7.84,15.05,15.05,15.05,15.05,15.05,15.05,15.05,15.05,15.05,15.05,15.05,15.05,15.05,15.05,15.05,15.05,15.05,15.75,15.61,15.55,16.14,15.91,15.05,16.06,15.05,15.05,15.05,15.05,15.05,15.05,15.05,15.05,15.05,15.05,15.05,0,6,6,9.97,1.59E-02,0,2,0,0.0000,0.0208,0.0000,0.0208,2,4,"9,12-Octadecadienamide, N-(2-hydroxyethyl)-, (9Z,12Z)-",C20H37NO2,1
2193,Esi+,C14H30O8,93.91,326.194,2.82,10.22,8.00,11.72,10.80,8.00,8.00,11.07,9.93,10.67,11.03,8.00,8.50,8.00,8.00,9.13,12.20,8.00,13.33,16.08,11.54,11.26,12.51,8.00,8.00,11.26,15.88,8.00,13.50,11.66,14.95,15.15,12.93,10.19,14.53,15.69,10,15,25,2.59,2.68E-03,0,50,30,0.0000,0.5208,0.1172,0.6380,3,2,PEG (polyethylene glycol),C14H30O8,1
2194,Esi+,C14H30O8,81.18,326.1942,2.67,12.78,12.78,13.84,12.78,12.78,12.78,12.78,12.78,12.78,12.78,12.78,12.78,12.78,12.78,12.78,12.78,13.28,13.96,16.04,12.78,12.78,13.72,12.78,12.78,13.96,16.10,12.78,14.39,12.78,15.35,15.45,13.87,12.78,14.82,15.87,2,11,13,1.23,2.71E-03,0,43,12,0.0000,0.4479,0.0469,0.4948,3,2,PEG (polyethylene glycol),C14H30O8,1
2257,Esi+,C22H24N3,85.32,330.1978,4.26,12.77,12.77,12.77,12.77,12.77,12.77,12.77,12.77,12.77,12.77,12.77,12.77,12.77,12.77,12.77,12.77,12.77,13.27,14.70,14.17,12.77,12.77,15.89,13.65,12.77,12.77,16.02,16.44,17.83,16.64,14.14,15.28,12.77,12.77,12.77,0,11,11,9.97,7.01E-04,0,44,15,0.0000,0.4583,0.0586,0.5169,6,3,"2,4-Bis(1-methyl-1-phenylethyl)phenol",C24H26O,1
2263,Esi+,C17H34N2O4,83.12,330.2518,5.06,11.69,11.69,11.69,11.69,11.69,11.69,11.69,11.69,11.69,11.69,11.69,11.69,11.69,11.69,11.69,11.69,11.69,12.55,13.21,12.19,12.96,12.43,13.31,12.34,13.11,11.69,13.82,13.98,13.33,13.57,13.25,13.10,11.69,11.69,11.69,0,14,14,9.97,9.68E-05,0,38,11,0.0000,0.3958,0.0430,0.4388,6,4,,,4
2274,Esi+,C17H25N5O2,80.91,331.1993,4.28,8.55,3.59,3.59,3.59,9.90,3.59,8.07,3.59,3.59,3.59,3.59,3.59,8.07,3.59,3.59,3.59,3.59,3.59,11.53,8.09,3.59,3.59,12.11,3.59,3.59,3.59,13.12,13.71,15.16,13.86,6.92,11.98,3.59,4.46,4.09,4,11,15,3.65,2.32E-02,0,28,2,0.0000,0.2917,0.0078,0.2995,6,4,,,4
2342,Esi+,C22H41NO,97.95,335.3185,8.19,5.96,5.96,5.96,5.96,5.96,5.96,11.54,5.96,5.96,5.96,9.39,5.96,5.96,5.96,5.96,6.46,5.96,16.88,17.71,16.88,17.64,17.53,5.96,17.33,5.96,5.96,14.28,5.96,11.09,13.22,11.87,5.96,5.96,5.96,5.96,3,10,13,7.49,1.02E-02,0,10,14,0.0000,0.1042,0.0547,0.1589,2,3,,,4
2344,Esi+,C22H41NO,99.72,335.3187,8.34,9.75,9.75,9.75,11.85,9.75,13.94,13.38,12.55,9.75,10.25,13.25,9.75,9.75,9.75,9.75,15.07,9.75,19.46,20.20,19.54,20.22,20.00,9.75,19.76,14.21,9.75,17.59,13.98,15.92,16.43,16.26,12.28,9.75,9.75,11.52,7,14,21,3.87,3.66E-03,0,8,22,0.0000,0.0833,0.0859,0.1693,5,3,,,4
2346,Esi+,C22H41NO,86.11,335.3188,9.22,12.69,11.08,11.08,12.40,11.58,11.08,12.42,12.31,11.08,12.37,12.76,11.81,11.08,11.08,14.69,12.60,11.08,16.44,15.93,15.53,16.04,15.62,13.65,15.82,14.28,11.08,14.53,14.38,13.91,14.43,14.11,14.06,12.09,11.08,12.34,10,16,26,1.99,1.68E-03,0,7,20,0.0000,0.0729,0.0781,0.1510,5,4,,,4
2388,Esi+,C21H41NO2,83.02,339.3134,8.59,13.02,13.02,13.02,13.02,13.02,13.02,13.02,13.02,13.02,13.02,13.02,13.02,13.02,13.02,13.02,13.02,13.02,13.71,14.48,13.52,14.41,14.01,13.02,13.83,14.00,13.02,14.39,14.28,13.85,14.35,15.13,13.02,13.02,13.02,13.02,0,12,12,9.97,3.66E-04,3,27,10,0.0120,0.2813,0.0391,0.3323,5,4,,,4
2398,Esi+,C15H24N4O5,81.66,340.1737,2.87,13.16,13.16,13.16,13.16,13.16,13.16,13.16,13.16,13.16,13.16,13.16,13.16,13.16,13.16,13.16,13.16,13.16,13.16,15.26,13.16,13.16,13.16,13.16,13.16,13.16,14.87,13.16,13.16,13.16,13.66,14.23,13.16,13.16,13.16,14.25,0,5,5,9.97,2.92E-02,0,0,0,0.0000,0.0000,0.0000,0.0000,3,4,,,4
2403,Esi+,C20H40O2Si,85.79,340.2794,8.14,8.40,8.40,8.40,8.40,8.40,8.40,8.40,8.40,8.40,8.40,8.40,8.40,8.40,8.40,8.40,8.40,8.40,16.46,8.40,8.40,15.06,8.40,8.40,15.34,8.40,15.20,8.40,8.90,14.14,8.40,14.19,8.40,15.33,8.40,8.40,0,8,8,9.97,4.67E-03,3,31,44,0.0120,0.3229,0.1719,0.5068,7,4,,,4
2451,Esi+,C19H24N2O4,99.46,344.1736,3.71,12.49,12.49,12.49,12.49,12.49,12.49,12.49,12.49,12.49,12.49,12.49,12.49,12.49,12.49,12.49,12.49,12.49,14.36,12.99,12.49,12.49,16.71,12.49,12.49,12.49,12.49,12.49,12.49,15.26,16.97,12.49,16.58,12.49,12.49,14.56,0,7,7,9.97,8.65E-03,0,3,0,0.0000,0.0313,0.0000,0.0313,1,2,Formoterol,C19H24N2O4,1
2527,Esi+,C22H41NO2,99.33,351.3137,6.67,12.32,12.32,12.82,12.32,12.32,12.32,12.32,12.32,12.32,12.32,12.32,12.32,12.32,12.32,12.32,12.32,12.32,16.72,17.74,16.68,17.57,17.24,12.32,17.00,12.32,12.32,14.27,12.32,13.41,13.97,14.11,12.32,12.32,12.32,12.32,1,10,11,3.88,2.77E-03,0,13,23,0.0000,0.1354,0.0898,0.2253,2,3,,,4
2531,Esi+,C22H41NO2,83.52,351.3138,8.92,13.79,13.79,13.79,13.79,13.79,13.79,13.79,13.79,13.79,13.79,13.79,13.79,13.79,13.79,13.79,13.79,13.79,16.37,16.31,16.20,17.06,16.30,13.79,16.41,13.79,13.79,15.28,13.79,14.29,15.18,14.88,13.79,13.79,13.79,13.79,0,10,10,9.97,1.33E-03,0,12,14,0.0000,0.1250,0.0547,0.1797,2,2,"4-Oxazolemethanol, 2-(8-heptadecen-1-yl)-4,5-dihydro-4-methyl-",C22H41NO2,3
2552,Esi+,C22H43NO2,99.19,353.3293,9.03,13.65,12.77,14.00,12.68,13.04,14.32,14.39,14.74,14.06,14.40,14.90,13.66,11.21,13.65,15.02,14.90,14.02,16.78,17.23,16.80,17.46,16.97,13.60,17.31,14.37,14.12,15.14,15.08,14.49,15.52,16.22,13.92,14.41,13.18,14.17,17,18,35,1.09,6.16E-03,0,30,65,0.0000,0.3125,0.2539,0.5664,5,4,,,4
2554,Esi+,C22H43NO2,99.9,353.3294,9.17,15.96,14.51,15.67,15.61,14.60,16.26,16.67,15.77,16.00,15.98,15.76,16.30,15.28,15.45,13.51,15.53,16.14,17.23,18.75,17.44,18.98,18.56,16.67,18.46,17.29,15.73,17.70,16.95,17.24,17.66,17.07,17.40,15.23,15.27,15.48,17,18,35,1.51,1.82E-03,0,26,38,0.0000,0.2708,0.1484,0.4193,5,3,,,4
2567,Esi+,C20H37NO4,97.84,355.2724,7.55,9.85,13.91,14.46,13.30,9.85,9.85,12.00,10.35,14.22,9.85,13.69,11.21,11.12,11.85,9.85,9.85,9.85,14.13,16.64,11.28,13.28,11.75,13.89,12.93,13.82,12.46,9.85,16.50,13.54,15.07,13.48,9.85,9.85,14.83,17.01,10,15,25,1.02,3.19E-02,250,13,0,1.0000,0.1354,0.0000,1.1354,3,4,,,4
2579,Esi+,C21H40O4,83.09,356.2923,9.08,12.63,12.63,12.63,12.63,12.63,12.63,12.63,12.63,12.63,12.63,12.63,12.63,12.63,12.63,12.63,12.63,12.63,12.63,13.21,14.27,12.63,13.17,12.63,13.75,12.63,12.63,13.69,12.63,13.13,13.88,13.50,12.63,13.46,12.63,12.63,0,9,9,9.97,2.50E-03,55,72,4,0.2200,0.7500,0.0156,0.9856,7,3,,,4
2584,Esi+,C15H27N5O5,94.25,357.1998,2.75,13.13,13.13,13.13,13.13,13.13,13.13,13.13,13.63,13.13,13.13,13.13,13.13,13.13,13.13,13.13,13.13,14.53,13.13,20.53,13.13,13.13,15.02,13.13,13.13,13.13,19.57,13.13,16.86,13.13,17.13,18.08,15.61,13.13,17.20,18.27,2,9,11,3.05,1.11E-02,0,64,15,0.0000,0.6667,0.0586,0.7253,3,3,,,4
2675,Esi+,C22H39NO3,98.71,365.293,7.30,14.54,14.54,14.54,14.54,14.54,14.54,14.54,14.54,14.54,14.54,14.54,14.54,14.54,14.54,14.54,14.54,14.54,15.23,15.78,15.04,15.84,15.44,14.54,15.52,14.54,14.54,14.54,14.54,14.54,14.54,14.54,14.54,14.54,14.54,14.54,0,6,6,9.97,1.59E-02,0,2,0,0.0000,0.0208,0.0000,0.0208,2,4,"9,12,15-Octadecatrienamide, N,N-bis(2-hydroxyethyl)-, (9Z,12Z,15Z)-",C22H39NO3,4
2702,Esi+,C22H41NO3,94.53,367.3088,7.12,15.14,15.14,15.14,15.14,15.14,15.14,15.14,15.14,15.14,15.14,15.14,15.14,15.14,15.14,15.14,15.14,15.14,16.15,15.64,16.11,16.91,16.28,15.14,16.75,15.14,15.14,15.14,15.14,15.14,15.14,15.14,15.14,15.14,15.14,15.14,0,6,6,9.97,1.59E-02,0,1,0,0.0000,0.0104,0.0000,0.0104,2,3,Linoleic diethanolamide,C22H41NO3,4
2703,Esi+,C22H41NO3,95.74,367.3088,7.18,14.44,14.44,14.44,14.44,14.44,14.44,14.44,14.44,14.44,14.44,14.44,14.44,14.44,14.44,14.44,14.44,14.44,15.56,14.94,15.24,16.20,15.46,14.44,16.19,14.44,14.44,14.44,14.44,14.44,14.44,14.44,14.44,14.44,14.44,14.44,0,6,6,9.97,1.59E-02,0,2,0,0.0000,0.0208,0.0000,0.0208,2,3,Linoleic diethanolamide,C22H41NO3,4
2704,Esi+,C22H41NO3,98,367.3088,8.13,13.37,13.37,13.37,13.37,13.37,13.37,13.37,13.37,13.37,13.37,13.37,13.37,13.37,13.37,13.37,13.37,13.37,18.17,19.04,17.98,18.92,18.41,13.87,18.50,14.42,13.37,14.92,14.27,15.26,15.93,15.17,14.47,13.37,13.37,13.37,0,14,14,9.97,9.68E-05,0,19,42,0.0000,0.1979,0.1641,0.3620,2,3,Linoleic diethanolamide,C22H41NO3,4
2705,Esi+,C22H41NO3,80.76,367.309,7.62,11.54,11.54,11.54,11.54,11.54,11.54,11.54,11.54,11.54,11.54,11.54,11.54,11.54,11.54,11.54,11.54,11.54,14.54,15.56,14.74,15.72,15.08,11.54,15.70,11.54,11.54,13.86,11.54,12.04,14.03,13.57,12.92,11.54,11.54,11.54,0,11,11,9.97,7.01E-04,0,15,22,0.0000,0.1563,0.0859,0.2422,2,3,Linoleic diethanolamide,C22H41NO3,4
2735,Esi+,C22H43NO3,99.76,369.3241,7.88,10.69,10.69,10.69,10.69,10.69,10.69,10.69,10.69,10.69,10.69,10.69,10.69,10.69,10.69,10.69,10.69,10.69,15.08,16.19,15.01,16.00,15.48,10.69,15.49,11.19,10.69,12.57,10.69,12.54,13.01,12.80,10.69,10.69,10.69,10.69,0,11,11,9.97,7.01E-04,0,15,19,0.0000,0.1563,0.0742,0.2305,2,3,"9-Octadecenamide, N-[2-(2-hydroxyethoxy)ethyl]-, (9Z)-",C22H43NO3,4
2737,Esi+,C22H43NO3,99.39,369.3243,7.66,12.39,12.39,12.39,12.39,12.39,12.39,12.39,12.39,12.39,12.39,12.39,12.39,12.39,12.39,12.39,12.39,12.39,16.94,18.06,16.98,17.79,17.34,12.39,17.32,12.39,12.39,13.40,12.39,13.42,14.20,12.89,12.39,12.39,12.39,12.39,0,10,10,9.97,1.33E-03,0,12,22,0.0000,0.1250,0.0859,0.2109,2,3,"(9Z)-N,N-Bis(2-hydroxyethyl)octadec-9-enamide",C22H43NO3,4
2744,Esi+,C16H34O9,83.59,370.2202,2.97,14.04,14.04,14.04,14.04,14.04,14.04,14.04,14.04,14.04,14.04,14.04,14.04,14.04,14.04,14.04,14.04,14.04,14.04,14.04,14.04,14.04,14.04,14.04,14.04,14.04,15.69,14.04,14.04,14.04,14.64,15.15,14.04,14.04,14.54,15.33,0,5,5,9.97,2.92E-02,0,0,0,0.0000,0.0000,0.0000,0.0000,3,2,PEG (polyethylene glycol),C16H34O9,3
2750,Esi+,C22H29NO4,81.39,371.2108,8.28,12.03,12.03,12.03,12.03,12.03,12.03,12.03,12.03,12.03,12.03,12.03,12.03,12.03,12.03,12.03,12.03,12.03,12.03,12.03,12.03,12.03,12.03,13.42,12.03,12.53,12.03,13.17,13.13,13.00,13.51,13.58,13.52,12.03,12.03,12.03,0,8,8,9.97,4.67E-03,37,53,8,0.1480,0.5521,0.0313,0.7313,6,4,,,4
2758,Esi+,C22H45NO3,95.09,371.3401,7.36,4.71,4.71,4.71,9.03,4.71,11.04,11.34,4.71,9.34,4.71,10.53,4.71,4.71,9.20,4.71,10.18,4.71,14.55,15.96,14.81,15.34,14.94,10.10,15.19,4.71,5.21,10.92,11.87,12.83,12.68,12.40,10.80,7.23,4.71,11.11,7,16,23,2.37,1.14E-03,0,23,49,0.0000,0.2396,0.1914,0.4310,5,2,"N,N-Bis(2-hydroxyethyl)octadecanamide | Isooctadecanamide, N,N-bis(2-hydroxyethyl)-",C22H45NO3,3
2777,Esi+,C24H39NO2,84.15,373.2955,8.92,12.66,12.66,12.66,12.66,12.66,12.66,12.66,12.66,12.66,12.66,12.66,12.66,12.66,12.66,12.66,12.66,12.66,15.35,15.36,15.26,16.13,15.49,12.66,15.04,12.66,12.66,13.61,12.66,12.66,13.85,13.16,12.66,12.66,12.66,12.66,0,9,9,9.97,2.50E-03,0,13,14,0.0000,0.1354,0.0547,0.1901,2,4,,,4
2791,Esi+,C24H41NO2,87.83,375.3113,8.34,7.87,7.87,7.87,10.69,7.87,10.82,7.87,7.87,7.87,9.98,7.87,7.87,7.87,7.87,7.87,12.24,8.37,16.95,17.61,17.12,17.63,17.49,7.87,17.00,10.91,7.87,15.14,11.42,13.87,14.10,13.99,11.12,7.87,7.87,8.88,5,14,19,4.02,1.24E-03,0,11,28,0.0000,0.1146,0.1094,0.2240,5,4,,,4
2793,Esi+,C24H41NO2,83.98,375.3114,8.19,14.37,14.37,14.37,14.37,14.37,14.37,14.37,14.37,14.37,14.37,14.37,14.37,14.37,14.37,14.37,14.37,14.37,14.87,15.50,14.88,15.48,15.34,14.37,14.92,14.37,14.37,14.37,14.37,14.37,14.37,14.37,14.37,14.37,14.37,14.37,0,6,6,9.97,1.59E-02,0,2,0,0.0000,0.0208,0.0000,0.0208,2,4,,,4
2863,Esi+,C22H39NO4,81.36,381.2876,7.03,12.51,12.51,12.51,12.51,12.51,12.51,12.51,12.51,12.51,12.51,12.51,12.51,12.51,12.51,12.51,12.51,12.51,13.01,15.10,13.83,14.58,14.87,12.51,14.04,12.51,12.51,12.51,12.51,12.51,12.51,12.51,12.51,12.51,12.51,12.51,0,6,6,9.97,1.59E-02,0,2,0,0.0000,0.0208,0.0000,0.0208,2,4,,,4
2892,Esi+,C22H41NO4,82.33,383.3037,6.99,12.71,12.71,12.71,12.71,12.71,12.71,12.71,12.71,12.71,12.71,12.71,12.71,12.71,12.71,12.71,12.71,12.71,13.21,15.52,12.71,15.24,14.93,12.71,14.32,12.71,12.71,12.71,12.71,12.71,12.71,12.71,12.71,12.71,12.71,12.71,0,5,5,9.97,2.92E-02,0,2,0,0.0000,0.0208,0.0000,0.0208,2,4,,,4
2918,Esi+,C22H43NO4,80.79,385.3189,7.00,12.07,12.07,12.07,12.07,12.07,12.07,12.07,12.07,12.07,12.07,12.07,12.07,12.07,12.07,12.07,12.07,12.07,12.85,14.54,12.57,13.95,13.74,12.07,13.97,12.07,12.07,12.07,12.07,12.07,12.07,12.07,12.07,12.07,12.07,12.07,0,6,6,9.97,1.59E-02,0,3,0,0.0000,0.0313,0.0000,0.0313,2,3,,,4
2919,Esi+,C22H43NO4,97.93,385.3193,6.81,13.56,15.29,14.22,15.22,13.72,14.25,15.50,14.65,14.77,14.46,14.11,13.73,13.29,13.73,14.27,14.39,15.26,16.10,15.32,16.08,15.43,15.40,15.28,15.80,13.78,14.40,15.14,15.87,16.71,15.02,15.84,15.26,15.32,14.70,15.81,17,18,35,1.09,7.30E-04,0,53,183,0.0000,0.5521,0.7148,1.2669,7,3,"9-Octadecenamide, 12-hydroxy-N,N-bis(2-hydroxyethyl)-, (9Z,12R)-",C22H43NO4,4
2920,Esi+,C22H43NO4,93.22,385.3193,7.07,13.76,13.76,13.76,13.76,13.76,13.76,13.76,13.76,13.76,13.76,13.76,13.76,13.76,13.76,13.76,13.76,13.76,14.66,15.03,14.26,14.87,14.77,13.76,14.94,13.76,13.76,13.76,13.76,13.76,13.76,13.76,13.76,13.76,13.76,13.76,0,6,6,9.97,1.59E-02,0,3,0,0.0000,0.0313,0.0000,0.0313,2,3,"9-Octadecenamide, 12-hydroxy-N,N-bis(2-hydroxyethyl)-, (9Z,12R)-",C22H43NO4,4
2940,Esi+,C17H33N5O5,96.09,387.2468,2.87,12.77,12.77,13.27,12.77,12.77,12.77,14.14,15.65,12.77,12.77,12.77,12.77,12.77,12.77,12.77,17.01,12.77,17.12,20.95,12.77,12.77,16.95,12.77,12.77,15.84,20.79,12.77,18.35,12.77,19.57,20.09,17.35,12.77,19.49,20.36,4,11,15,4.41,8.01E-03,0,53,16,0.0000,0.5521,0.0625,0.6146,3,3,,,4
2947,Esi+,C22H45NO4,83.48,387.3348,6.47,12.07,12.07,12.07,12.07,12.07,12.07,12.07,12.07,12.07,12.07,12.07,12.07,12.07,12.07,12.07,12.07,12.07,13.07,13.54,12.57,13.13,13.35,12.07,12.94,12.07,12.07,12.07,12.07,12.07,12.07,12.07,12.07,12.07,12.07,12.07,0,6,6,9.97,1.59E-02,0,2,0,0.0000,0.0208,0.0000,0.0208,2,4,,,4
2990,Esi+,C22H29FO5,98.56,392.1999,4.93,11.88,11.88,11.88,11.88,11.88,11.88,11.88,11.88,11.88,11.88,11.88,11.88,11.88,11.88,11.88,11.88,11.88,11.88,13.28,11.88,11.88,11.88,12.38,13.76,11.88,11.88,11.88,11.88,11.88,15.51,11.88,12.83,13.56,11.88,16.50,0,7,7,9.97,8.65E-03,0,0,0,0.0000,0.0000,0.0000,0.0000,1,3,Dexamethasone | Betamethasone,C22H29FO5,1
3018,Esi+,C24H46N2O2,98.51,394.3558,9.17,14.11,13.33,13.78,13.86,13.56,14.22,14.34,14.08,14.10,13.64,14.35,14.12,13.56,13.67,13.32,13.77,13.73,15.63,15.86,15.62,16.36,16.25,14.24,15.79,15.02,13.64,15.53,14.98,15.11,15.53,15.18,15.23,13.45,13.18,13.65,17,18,35,1.42,4.02E-03,0,10,31,0.0000,0.1042,0.1211,0.2253,5,4,,,4
3053,Esi+,C24H50N2O2,97.77,398.387,8.35,11.04,11.04,11.04,11.04,11.04,11.04,11.04,11.04,11.04,11.04,11.04,11.04,11.04,11.04,11.04,11.04,11.04,15.26,15.91,15.70,15.98,15.98,11.04,14.73,11.04,11.04,13.08,11.04,11.54,12.48,12.07,11.04,11.04,11.04,11.04,0,10,10,9.97,1.33E-03,0,15,15,0.0000,0.1563,0.0586,0.2148,2,4,,,4
3054,Esi+,C24H50N2O2,82.69,398.3872,8.18,12.49,12.49,12.49,12.49,12.49,12.49,12.49,12.49,12.49,12.49,12.49,12.49,12.49,12.49,12.49,12.49,12.49,13.29,13.44,13.44,13.57,13.37,12.49,12.99,12.49,12.49,12.49,12.49,12.49,12.49,12.49,12.49,12.49,12.49,12.49,0,6,6,9.97,1.59E-02,0,4,0,0.0000,0.0417,0.0000,0.0417,2,4,,,4
3067,Esi+,C23H45NO4,99.06,399.3349,7.08,16.45,18.49,16.77,17.27,17.84,17.02,19.20,17.80,17.66,17.32,17.43,17.48,16.71,18.38,19.29,17.36,18.72,20.40,18.97,20.48,19.13,18.74,18.71,20.04,16.97,19.16,19.36,20.27,20.16,19.71,20.53,19.58,19.94,18.83,18.93,17,18,35,1.99,2.60E-04,63,70,121,0.2520,0.7292,0.4727,1.4538,7,1,Palmitoylcarnitine,C23H45NO4,2
3090,Esi+,C17H31N5O6,95.63,401.2261,2.95,13.00,9.85,11.11,9.85,9.85,11.65,9.85,11.96,9.85,9.85,9.85,9.85,9.85,12.65,12.04,12.21,13.49,12.97,20.36,10.35,9.85,15.22,9.85,9.85,12.18,19.09,9.85,16.73,9.85,16.54,17.50,14.24,9.85,16.61,17.74,8,12,20,4.45,3.60E-02,0,56,9,0.0000,0.5833,0.0352,0.6185,3,2,Amperozide,C23H29F2N3O,3
3129,Esi+,C22H44ClNO3,85.84,405.3012,7.67,13.18,13.18,13.18,13.18,13.18,13.18,13.18,13.18,13.18,13.18,13.18,13.18,13.18,13.18,13.18,13.18,13.18,14.20,15.14,13.68,15.06,14.57,13.18,14.59,13.18,13.18,13.18,13.18,13.18,13.18,13.18,13.18,13.18,13.18,13.18,0,6,6,9.97,1.59E-02,0,2,0,0.0000,0.0208,0.0000,0.0208,2,4,,,4
3219,Esi+,C18H38O10,80.83,414.2487,3.09,11.38,11.38,11.38,11.88,11.38,11.38,11.38,11.38,12.47,11.38,11.38,11.38,11.38,11.38,11.38,11.38,11.38,13.48,15.79,11.38,11.38,11.38,11.38,11.38,11.38,15.70,11.38,13.82,11.38,14.38,15.00,13.94,11.38,14.48,15.35,2,9,11,2.28,1.11E-02,0,51,15,0.0000,0.5313,0.0586,0.5898,3,4,,,4
3241,Esi+,C23H45NO5,99.22,415.3296,6.44,13.73,15.07,13.98,14.42,14.83,13.84,15.81,14.48,14.62,14.44,14.57,14.53,12.86,15.09,15.29,15.39,15.42,17.02,15.58,16.38,15.33,15.45,14.75,17.03,12.36,15.79,15.52,16.89,17.64,16.43,17.20,15.99,16.99,15.02,16.56,17,17,34,1.81,5.53E-04,0,59,79,0.0000,0.6146,0.3086,0.9232,7,3,,,4
3302,Esi+,C24H39NO5,84.53,421.2804,8.33,12.24,12.24,12.24,12.24,12.24,12.24,12.24,12.24,12.24,12.24,12.24,12.24,12.24,12.24,12.24,12.24,12.24,12.24,12.24,12.24,12.24,12.24,12.74,12.24,12.86,12.24,14.16,13.75,14.00,14.91,14.10,14.29,12.24,12.24,12.24,0,8,8,9.97,4.67E-03,1,47,7,0.0040,0.4896,0.0273,0.5209,6,4,,,4
3342,Esi+,C18H33ClN2O5S,98.66,424.1799,3.89,12.62,12.62,12.62,12.62,12.62,12.62,12.62,12.62,12.62,12.62,12.62,12.62,12.62,12.62,12.62,12.62,12.62,12.62,12.62,12.62,12.62,12.62,13.12,12.62,12.62,12.62,12.62,12.62,13.28,12.62,15.27,24.39,12.62,22.58,13.83,0,6,6,9.97,1.59E-02,1,1,0,0.0040,0.0104,0.0000,0.0144,1,1,Clindamycin,C18H33ClN2O5S,1
3355,Esi+,C25H47NO4,99.66,425.3504,7.25,17.29,18.88,17.39,17.95,18.40,17.79,19.86,18.42,18.88,18.48,18.28,18.19,17.66,18.46,19.52,18.21,19.29,20.62,19.12,21.33,20.20,19.33,19.02,20.91,18.57,19.69,20.38,20.29,20.01,19.41,21.07,19.87,20.74,19.53,19.39,17,18,35,1.54,9.97E-05,80,91,256,0.3200,0.9479,1.0000,2.2679,7,3,Oleoylcarnitine,C25H47NO4,3
3368,Esi+,C24H29NO6,81.73,427.1995,7.58,12.30,12.30,12.30,12.30,12.30,12.30,12.30,12.30,12.30,12.30,12.30,12.30,12.30,12.30,12.30,12.30,12.30,12.30,12.30,12.30,12.30,12.30,13.96,12.30,12.80,12.30,14.21,14.11,13.78,14.41,14.64,14.33,12.30,12.30,12.30,0,8,8,9.97,4.67E-03,29,52,8,0.1160,0.5417,0.0313,0.6889,6,4,,,4
3430,Esi+,C23H37N5OS,84.07,431.273,3.03,10.06,10.06,12.06,10.06,10.06,10.06,14.04,15.61,10.06,10.56,10.06,10.06,10.06,10.06,10.06,16.78,10.06,16.80,20.29,10.06,10.06,15.90,10.06,10.06,15.56,20.01,10.06,18.07,10.06,18.57,19.51,16.77,10.06,18.96,19.82,5,11,16,4.53,1.46E-02,0,34,7,0.0000,0.3542,0.0273,0.3815,3,3,,,4
3596,Esi+,C28H54N2O2,98.72,450.419,8.59,13.31,13.31,13.31,13.31,13.31,13.31,13.31,13.31,13.31,13.31,13.31,13.31,13.31,13.31,13.31,13.31,13.31,16.20,16.47,16.03,16.74,16.47,13.31,16.44,13.31,13.31,14.32,13.31,13.81,14.04,14.07,13.31,13.31,13.31,13.31,0,10,10,9.97,1.33E-03,0,13,25,0.0000,0.1354,0.0977,0.2331,2,4,,,4
3621,Esi+,C14H14N8O4S3,60.82,454.0302,3.24,12.21,12.21,12.21,12.21,12.21,12.21,12.21,12.21,12.21,12.21,12.21,12.21,12.21,12.21,12.21,12.21,12.21,13.80,12.78,12.21,12.21,12.92,12.21,12.21,13.39,12.71,12.21,13.05,12.21,12.78,13.55,12.21,12.21,12.21,13.52,0,9,9,9.97,2.50E-03,25,28,4,0.1000,0.2917,0.0156,0.4073,4,1,Cefazolin,C14H14N8O4S3,1
3622,Esi+,C14H14N8O4S3,98.09,454.0303,3.39,12.94,12.94,12.94,12.94,12.94,12.94,12.94,12.94,12.94,12.94,12.94,12.94,12.94,12.94,12.94,12.94,12.94,21.91,20.73,13.44,12.94,20.28,12.94,12.94,21.85,20.94,12.94,20.74,12.94,20.30,21.49,12.94,12.94,12.94,21.90,0,10,10,9.97,1.33E-03,14,30,13,0.0560,0.3125,0.0508,0.4193,4,1,Cefazolin,C14H14N8O4S3,1
3682,Esi+,C20H39N5O7,95.14,461.2835,2.83,13.43,13.43,13.43,13.43,13.43,13.43,13.43,13.43,13.43,13.43,13.43,13.43,13.43,13.43,13.43,13.43,13.43,16.66,13.43,13.43,13.43,14.28,13.43,13.43,13.43,13.43,13.43,13.93,13.43,14.21,14.59,13.43,13.43,13.43,13.43,0,5,5,9.97,2.92E-02,0,0,0,0.0000,0.0000,0.0000,0.0000,4,2,Etisomicin,C20H39N5O7,3
3703,Esi+,C26H33N5O3,89.42,463.2602,7.73,12.54,12.54,12.54,12.54,12.54,12.54,12.54,12.54,12.54,12.54,12.54,12.54,12.54,12.54,12.54,12.54,12.54,14.63,16.19,12.54,12.54,12.54,12.54,12.54,13.54,13.14,12.54,16.12,12.54,14.97,13.04,12.54,12.54,14.32,16.18,0,9,9,9.97,2.50E-03,17,38,6,0.0680,0.3958,0.0234,0.4873,3,4,,,4
3754,Esi+,C28H36O2S2,92.99,468.2154,7.73,12.12,12.12,12.12,12.12,12.12,12.12,12.12,12.12,12.12,12.12,12.12,12.12,12.12,12.12,12.12,12.12,12.12,12.72,15.69,12.12,12.12,12.12,12.12,12.12,13.11,12.94,12.12,15.76,12.12,14.43,12.62,12.12,12.12,13.77,15.73,0,9,9,9.97,2.50E-03,12,37,6,0.0480,0.3854,0.0234,0.4569,3,3,,,4
3807,Esi+,C29H47NO4,96.54,473.3503,7.04,13.45,15.38,13.76,13.31,13.55,13.89,15.71,15.66,15.02,15.27,14.77,13.96,13.39,13.46,14.18,15.13,15.40,15.65,13.96,15.97,15.67,14.21,14.99,15.87,14.69,16.04,14.25,16.94,16.75,15.43,17.46,16.12,15.51,14.66,15.83,17,18,35,1.48,2.84E-03,41,89,200,0.1640,0.9271,0.7813,1.8723,7,3,,,4
3843,Esi+,C29H51NO4,99.37,477.3817,7.56,12.93,14.66,12.93,12.93,13.43,12.93,15.11,13.57,14.29,12.93,14.18,12.93,12.93,15.53,15.83,12.93,13.65,16.79,12.93,16.57,14.52,14.10,12.93,17.33,12.93,14.05,15.61,15.93,15.65,15.74,17.35,14.65,17.09,15.75,13.93,9,15,24,1.45,8.38E-03,0,45,92,0.0000,0.4688,0.3594,0.8281,7,4,,,4
3915,Esi+,C22H26N6O7,81.53,486.1871,3.81,13.25,11.82,12.32,13.09,11.82,11.82,11.82,11.82,11.82,11.82,11.82,11.82,11.82,11.82,11.82,11.82,12.58,11.82,11.82,11.82,11.82,11.82,11.82,11.82,11.82,11.82,11.82,11.82,11.82,11.82,11.82,11.82,11.82,11.82,11.82,4,0,4,-9.97,4.13E-02,0,0,0,0.0000,0.0000,0.0000,0.0000,8,4,,,4
4019,Esi+,C22H46O12,90.98,502.298,3.28,12.52,12.52,13.17,12.52,12.52,12.52,13.15,12.52,12.52,12.52,12.52,12.52,12.52,12.52,12.52,13.50,12.52,13.22,15.33,12.52,12.52,13.02,12.52,12.52,12.52,14.99,12.52,14.12,12.52,13.93,14.72,13.57,12.52,14.52,15.02,3,10,13,1.17,1.35E-02,0,57,16,0.0000,0.5938,0.0625,0.6563,3,4,,,4
4126,Esi+,C31H40N2O5,95.55,520.294,9.96,13.87,13.87,13.87,13.87,13.87,13.87,13.87,13.87,13.87,13.87,13.87,13.87,13.87,13.87,13.87,13.87,13.87,15.55,16.10,14.92,15.74,15.64,15.51,15.76,14.37,13.87,15.96,15.41,15.08,15.93,15.81,15.86,13.87,13.87,13.87,0,14,14,9.97,9.68E-05,0,44,25,0.0000,0.4583,0.0977,0.5560,5,4,,,4
4464,Esi+,C38H53N3O2,85.6,583.4151,10.35,13.59,11.79,13.53,13.55,11.79,14.15,12.49,11.79,14.69,11.79,11.79,11.79,11.79,11.79,11.79,13.67,11.79,11.79,14.69,14.79,11.79,15.08,14.68,14.00,14.91,11.79,15.53,14.47,11.79,14.28,12.67,15.41,11.79,13.89,12.29,7,13,20,1.09,1.77E-02,0,6,9,0.0000,0.0625,0.0352,0.0977,6,4,,,4
4569,Esi+,C32H44F3N3O3S,90.38,607.3051,2.81,12.81,12.81,12.81,12.81,12.81,12.81,12.81,12.81,12.81,12.81,12.81,12.81,12.81,12.81,12.81,12.81,12.81,12.81,17.84,12.81,12.81,13.31,12.81,12.81,12.81,17.02,12.81,14.27,12.81,14.06,14.23,12.81,12.81,15.49,14.85,0,8,8,9.97,4.67E-03,0,0,5,0.0000,0.0000,0.0195,0.0195,3,3,,,4
4570,Esi+,C32H44F3N3O3S,88.34,607.3051,2.94,12.46,12.46,12.46,12.46,12.46,12.46,12.46,12.46,12.46,12.46,12.46,12.46,12.46,12.46,12.46,12.46,12.46,12.46,17.72,12.46,12.46,12.96,12.46,12.46,12.46,16.82,12.46,14.06,12.46,13.56,13.74,13.17,12.46,15.13,14.43,0,9,9,9.97,2.50E-03,0,58,15,0.0000,0.6042,0.0586,0.6628,3,3,,,4
4683,Esi+,C39H33N9,86.4,627.2836,9.26,13.00,13.00,13.00,13.00,13.00,13.00,13.00,13.00,13.00,13.00,13.00,13.00,13.00,13.00,13.00,13.00,13.00,13.00,13.00,13.00,13.00,13.00,14.47,13.00,14.18,13.00,14.90,14.63,13.50,14.60,15.06,14.58,13.00,13.00,13.00,0,8,8,9.97,4.67E-03,15,44,7,0.0600,0.4583,0.0273,0.5457,6,4,,,4
4799,Esi+,C28H45N9O9,89.36,651.3314,3.04,11.94,11.94,11.94,11.94,11.94,11.94,11.94,11.94,11.94,11.94,11.94,11.94,11.94,11.94,11.94,11.94,11.94,11.94,16.15,11.94,11.94,11.94,11.94,11.94,11.94,15.12,11.94,13.63,11.94,11.94,12.44,11.94,11.94,13.72,13.06,0,6,6,9.97,1.59E-02,0,1,0,0.0000,0.0104,0.0000,0.0104,3,4,,,4
5996,Esi-,C5H10O3,87.83,118.0629,1.41,14.99,13.29,13.85,14.05,15.04,14.41,13.76,14.75,14.18,12.79,14.31,13.67,14.12,14.20,14.29,14.91,14.17,14.94,15.35,14.13,15.89,13.81,16.10,15.32,15.10,13.98,13.90,14.78,17.92,15.79,15.40,13.81,15.54,14.88,15.54,16,18,34,1.02,8.60E-03,0,15,9,0.0000,0.1563,0.0352,0.1914,7,3,,,4
6000,Esi-,C4H8O4,99.03,120.0421,0.55,12.50,7.27,12.46,16.90,7.27,15.34,12.24,7.27,13.58,7.27,7.27,12.80,13.17,7.27,7.27,7.77,14.90,7.27,17.56,7.27,12.03,16.53,16.29,14.92,13.23,16.37,15.25,15.28,14.03,14.22,14.95,17.91,14.85,7.27,14.43,10,15,25,1.95,1.59E-02,38,48,1,0.1520,0.5000,0.0039,0.6559,1,3,"1,4-Dioxane-2,3-diol",C4H8O4,4
6037,Esi-,C6H6N2O2,87.49,138.0417,0.53,16.43,15.79,15.32,18.14,15.27,15.11,16.69,12.76,11.48,13.90,13.22,16.19,16.29,7.70,7.70,10.62,15.74,7.70,8.20,14.42,11.85,7.70,14.05,7.70,7.70,7.70,7.70,7.70,11.30,14.05,7.70,7.70,7.70,7.70,11.96,15,7,22,-3.35,8.91E-04,0,26,27,0.0000,0.2708,0.1055,0.3763,8,4,,,4
6050,Esi-,C5H9NO4,99.74,147.0543,0.47,17.87,18.31,17.83,18.07,17.39,17.14,17.29,17.27,18.31,16.58,15.85,17.00,15.97,17.12,17.97,17.84,18.65,18.71,18.84,19.19,17.61,18.57,17.51,18.70,15.35,18.34,17.58,18.49,20.01,18.57,17.28,17.78,18.44,17.19,17.72,17,17,34,1.06,2.81E-02,0,20,94,0.0000,0.2083,0.3672,0.5755,7,4,,,4
6053,Esi-,C5H8O5,99.22,148.0372,0.60,15.23,15.20,15.18,15.91,15.48,16.02,16.22,15.42,15.21,14.71,14.46,15.36,15.72,13.72,14.28,14.99,15.86,17.40,16.21,16.14,17.05,15.36,16.32,17.00,16.53,17.28,15.70,16.53,16.48,15.71,16.43,15.82,16.13,15.15,16.15,17,18,35,1.04,6.07E-04,0,54,141,0.0000,0.5625,0.5508,1.1133,7,3,"Pentanedioic acid, 3-hydroxy- | Citramalic acid",C5H8O5,1
6142,Esi-,C8H9NO4,86.91,183.0531,0.60,11.97,15.59,14.28,15.09,13.98,13.11,13.58,11.97,14.37,11.97,11.97,13.94,14.53,11.97,11.97,11.97,13.76,11.97,12.90,11.97,13.29,11.97,14.40,11.97,11.97,11.97,11.97,11.97,11.97,13.73,11.97,12.47,11.97,12.70,11.97,10,6,16,-1.03,4.26E-02,0,12,21,0.0000,0.1250,0.0820,0.2070,8,3,,,4
6148,Esi-,C9H17NO3,85.8,187.121,3.30,13.03,13.03,13.03,13.03,13.03,13.03,13.03,13.03,13.03,13.03,13.03,13.03,13.03,13.03,13.03,13.03,13.03,15.23,16.36,15.07,15.51,15.93,14.13,15.04,13.65,13.03,13.85,14.36,13.73,13.53,13.94,13.78,13.03,13.03,13.03,0,14,14,9.97,9.68E-05,0,18,41,0.0000,0.1875,0.1602,0.3477,2,2,"Pentanoic acid, 5-(dimethylamino)-2-methyl-5-oxo-, methyl ester",C9H17NO3,3
6189,Esi-,C10H19NO3,86.89,201.1367,3.78,11.89,11.89,11.89,11.89,11.89,11.89,11.89,11.89,11.89,11.89,11.89,11.89,11.89,11.89,11.89,11.89,11.89,13.48,14.42,13.29,13.66,13.77,11.89,13.44,12.48,11.89,12.68,12.50,12.39,11.89,12.74,11.89,11.89,11.89,11.89,0,11,11,9.97,7.01E-04,0,10,35,0.0000,0.1042,0.1367,0.2409,2,3,,,4
6196,Esi-,C11H12N2O2,84.3,204.09,2.39,13.02,13.02,13.02,13.02,13.02,13.02,13.02,13.02,13.02,13.02,13.02,13.02,13.02,13.02,13.02,13.02,13.02,13.02,14.31,14.59,13.02,13.64,13.71,13.52,13.02,13.02,13.02,13.80,15.11,13.52,13.02,13.02,13.02,13.02,13.96,0,9,9,9.97,2.50E-03,0,23,4,0.0000,0.2396,0.0156,0.2552,7,3,l-Tryptophan,C11H12N2O2,1
6238,Esi-,C11H21NO3,87.13,215.1523,4.22,11.65,11.65,11.65,11.65,11.65,12.36,12.38,12.33,11.65,11.65,12.48,11.65,11.65,11.65,12.15,12.40,12.25,14.83,15.57,14.48,15.19,15.00,13.34,14.87,13.79,11.65,13.83,13.74,13.64,13.73,14.08,13.38,11.65,11.65,11.65,7,14,21,1.61,1.11E-03,0,17,48,0.0000,0.1771,0.1875,0.3646,5,3,Ethyl 3-(N-butylacetamido)propionate,C11H21NO3,4
6274,Esi-,C12H23NO3,84.44,229.1679,4.64,9.93,10.06,3.59,10.14,3.59,10.60,10.91,10.40,11.20,11.06,10.08,4.09,3.59,10.62,9.39,11.90,9.79,16.21,17.04,15.78,16.72,16.17,14.12,16.41,14.96,9.32,14.93,14.69,14.84,15.15,15.15,14.53,10.26,3.59,9.75,14,17,31,4.69,1.44E-03,0,13,38,0.0000,0.1354,0.1484,0.2839,5,3,,,4
6328,Esi-,C13H25NO3,98.75,243.1836,5.05,8.92,8.06,8.06,10.76,11.81,12.35,12.07,13.46,11.27,13.88,8.06,8.06,8.06,13.71,13.21,13.63,9.23,16.65,17.58,16.13,17.09,16.84,17.66,16.53,17.68,8.06,18.28,18.35,17.73,17.98,17.60,17.53,8.56,8.06,13.26,12,16,28,5.34,1.11E-03,0,13,7,0.0000,0.1354,0.0273,0.1628,5,3,,,4
6359,Esi-,C10H8N2O4S,98.28,252.0206,3.36,14.40,14.40,14.40,14.40,14.40,14.40,14.40,14.40,14.40,14.40,14.40,14.40,14.40,14.40,14.40,14.40,14.40,15.97,14.99,14.40,14.40,14.90,14.40,14.40,15.86,15.10,14.40,15.12,14.40,14.95,15.56,14.40,14.40,14.40,16.02,0,9,9,9.97,2.50E-03,21,30,9,0.0840,0.3125,0.0352,0.4317,4,4,,,4
6426,Esi-,C15H29NO3,84.39,271.2148,5.82,12.19,12.19,12.19,12.19,12.19,12.19,12.19,12.19,12.19,12.19,12.19,12.19,12.19,12.19,12.19,12.19,12.19,12.99,13.41,12.69,13.29,13.14,13.84,12.77,13.58,12.19,14.10,14.46,13.66,13.79,13.72,13.40,12.19,12.19,12.19,0,14,14,9.97,9.68E-05,0,39,11,0.0000,0.4063,0.0430,0.4492,6,3,,,4
6452,Esi-,C12H13F3O2S,98.72,278.0586,3.35,13.45,13.45,13.45,13.45,13.45,13.45,13.45,13.45,13.45,13.45,13.45,13.45,13.45,13.45,13.45,13.45,13.45,15.07,14.15,13.45,13.45,13.96,13.45,13.45,15.07,14.27,13.45,14.27,13.45,13.95,14.67,13.45,13.45,13.45,15.10,0,9,9,9.97,2.50E-03,20,29,12,0.0800,0.3021,0.0469,0.4290,4,3,,,4
6482,Esi-,C10H4Cl2O6,89.57,289.9391,5.20,11.88,11.88,11.88,11.88,11.88,11.88,11.88,11.88,11.88,11.88,12.77,11.88,11.88,12.38,12.45,13.84,13.09,11.88,11.88,11.88,11.88,11.88,11.88,11.88,11.88,11.88,11.88,11.88,11.88,11.88,11.88,11.88,11.88,11.88,11.88,5,0,5,-9.97,2.14E-02,0,0,0,0.0000,0.0000,0.0000,0.0000,8,4,,,4
6598,Esi-,C10H7F3N4O5,84.07,320.0362,0.60,12.84,13.09,13.05,11.22,13.68,12.33,11.22,13.51,12.51,13.51,13.21,12.47,11.72,13.28,13.24,12.45,12.93,16.86,13.83,13.95,16.56,13.25,12.73,16.12,14.13,16.84,13.88,15.24,14.87,13.48,15.59,13.16,15.25,14.71,12.93,15,18,33,1.40,3.46E-04,0,49,143,0.0000,0.5104,0.5586,1.0690,7,4,,,4
6609,Esi-,C13H13F3O4S,98.08,322.0486,3.35,16.12,16.12,16.12,16.12,16.12,16.12,16.12,16.12,16.12,16.12,16.12,16.12,16.12,16.12,16.12,16.12,16.12,17.74,16.83,16.12,16.12,16.70,16.12,16.12,17.69,16.97,16.12,16.85,16.12,16.62,17.34,16.12,16.12,16.12,17.75,0,9,9,9.97,2.50E-03,20,29,12,0.0800,0.3021,0.0469,0.4290,4,3,,,4
6622,Esi-,C19H24N2O3,84.38,328.1789,3.99,12.65,12.65,12.65,12.65,12.65,12.65,12.65,12.65,12.65,12.65,12.65,12.65,12.65,12.65,12.65,12.65,12.65,12.65,12.65,12.65,12.65,14.24,12.65,12.65,12.65,12.65,12.65,12.65,13.15,14.80,12.65,15.81,12.65,12.65,13.35,0,5,5,9.97,2.92E-02,1,1,0,0.0040,0.0104,0.0000,0.0144,1,3,Labetalol hydrochloride,C19H24N2O3,1
6633,Esi-,C24H26O,83.64,330.198,4.25,11.98,11.98,11.98,11.98,11.98,11.98,11.98,11.98,11.98,11.98,11.98,11.98,11.98,11.98,11.98,11.98,11.98,11.98,11.98,11.98,11.98,11.98,12.48,11.98,11.98,11.98,12.93,13.10,14.87,13.32,11.98,11.98,11.98,11.98,11.98,0,5,5,9.97,2.92E-02,0,1,0,0.0000,0.0104,0.0000,0.0104,6,3,,,4
6661,Esi-,C15H24N4O5,83.39,340.1738,2.86,13.41,13.41,13.41,13.41,13.41,13.41,13.41,13.41,13.41,13.41,13.41,13.41,13.41,13.41,13.41,13.41,13.41,13.41,15.95,13.41,13.41,13.41,13.41,13.41,13.41,14.85,13.41,13.91,13.41,13.41,14.46,13.41,13.41,14.06,14.80,0,6,6,9.97,1.59E-02,0,0,0,0.0000,0.0000,0.0000,0.0000,3,3,,,4
6717,Esi-,C13H18N4O8,95.49,358.1128,0.60,13.08,14.00,14.49,14.12,14.44,13.48,14.24,13.22,14.08,13.51,12.27,10.82,9.29,13.34,13.32,15.02,14.82,13.82,15.27,14.21,14.36,14.51,14.45,15.58,13.30,14.81,14.56,14.46,15.78,14.85,13.96,15.09,15.25,13.09,14.92,17,18,35,1.02,6.16E-03,17,36,39,0.0680,0.3750,0.1523,0.5953,7,3,Lactobionic acid,C12H22O12,1
6780,Esi-,C19H28O6S,96.38,384.1614,4.17,15.99,14.61,15.90,14.03,14.70,15.67,12.64,14.04,14.28,13.58,13.62,14.44,13.61,11.64,14.16,14.45,14.69,11.64,13.67,14.43,13.34,12.14,12.66,11.64,13.29,14.26,13.08,11.64,11.64,11.64,11.64,11.64,11.64,11.64,11.64,16,8,24,-1.04,4.24E-04,0,41,69,0.0000,0.4271,0.2695,0.6966,8,3,,,4
6782,Esi-,C17H28N4O6,94.78,384.2002,3.01,12.77,12.77,12.77,12.77,12.77,12.77,12.77,12.77,12.77,12.77,12.77,12.77,12.77,12.77,12.77,12.77,12.77,12.77,16.83,12.77,12.77,13.27,12.77,12.77,12.77,15.90,12.77,13.96,12.77,13.93,14.43,12.77,12.77,14.10,14.67,0,8,8,9.97,4.67E-03,0,0,5,0.0000,0.0000,0.0195,0.0195,3,3,,,4
6837,Esi-,C20H32O6S,95.76,400.1925,4.83,12.36,12.86,12.36,12.36,12.36,12.36,13.19,12.36,16.68,12.36,12.36,12.36,12.36,12.36,12.36,12.36,13.10,12.36,12.36,12.36,12.36,12.36,12.36,12.36,12.36,12.36,12.36,12.36,12.36,12.36,12.36,12.36,12.36,12.36,12.36,4,0,4,-9.97,4.13E-02,0,0,0,0.0000,0.0000,0.0000,0.0000,8,3,,,4
6839,Esi-,C21H36O5S,94.97,400.2289,4.99,15.60,14.43,14.62,15.57,15.82,15.16,15.09,14.09,16.64,14.03,13.47,14.94,14.86,14.86,14.91,14.94,15.44,17.03,12.82,16.28,14.55,12.74,13.03,14.64,15.37,12.11,15.79,13.88,12.61,13.72,13.40,14.71,14.34,12.68,13.76,17,17,34,-1.06,2.24E-02,0,40,0,0.0000,0.4167,0.0000,0.4167,8,4,,,4
6917,Esi-,C23H32N4O2S,84.59,428.2262,3.13,12.99,12.99,12.99,12.99,12.99,12.99,12.99,12.99,12.99,12.99,12.99,12.99,12.99,12.99,12.99,12.99,12.99,12.99,16.42,12.99,12.99,12.99,12.99,12.99,12.99,15.40,12.99,13.85,12.99,13.49,14.03,12.99,12.99,13.63,14.38,0,7,7,9.97,8.65E-03,0,0,0,0.0000,0.0000,0.0000,0.0000,3,4,,,4
7031,Esi-,C21H36N4O8,95.7,472.253,3.24,11.40,11.40,11.40,11.40,11.40,11.40,11.40,11.40,11.40,11.40,11.40,11.40,11.40,11.40,11.40,11.40,11.40,11.40,16.06,11.40,11.40,11.90,11.40,11.40,11.40,14.73,11.40,12.88,11.40,12.32,12.99,11.40,11.40,12.74,13.54,0,8,8,9.97,4.67E-03,0,0,5,0.0000,0.0000,0.0195,0.0195,3,4,,,4
7051,Esi-,C31H30O5,98.09,482.2099,7.67,8.40,11.02,12.35,8.40,8.40,11.91,10.60,8.40,8.40,8.40,10.14,12.58,8.40,11.66,8.40,8.40,8.40,15.40,15.35,14.99,15.53,15.69,13.78,15.39,17.80,8.40,14.85,13.64,14.37,14.40,14.31,14.87,10.97,8.90,10.87,7,17,24,3.18,2.16E-04,0,34,84,0.0000,0.3542,0.3281,0.6823,5,4,,,4
7178,Esi-,C26H24O2P2S4,82.23,558.0136,3.36,14.83,14.83,14.83,14.83,14.83,14.83,14.83,14.83,14.83,14.83,14.83,14.83,14.83,14.83,14.83,14.83,14.83,16.71,15.57,14.83,14.83,15.33,14.83,14.83,16.49,15.72,14.83,15.66,14.83,15.47,16.29,14.83,14.83,14.83,16.63,0,9,9,9.97,2.50E-03,19,29,9,0.0760,0.3021,0.0352,0.4132,4,4,,,4
